Row,ProductID,TransactionDate,User,Price,Units,Discount,DepartureDate
1,2,1.7223E+12,26,206.82,1,0.55,1.72008E+12
2,5,1.72024E+12,44,223.68,6,0.67,1.71958E+12
3,8,1.72016E+12,110,201.4,4,0.21,1.72103E+12
4,7,1.7177E+12,106,103.05,1,0.97,1.71829E+12
5,9,1.71523E+12,110,23.93,5,0.62,1.71975E+12
6,1,1.72027E+12,104,104.96,9,0.61,1.72017E+12
7,9,1.72103E+12,249,89.76,3,0.87,1.72165E+12
8,8,1.71519E+12,36,139.27,3,0.7,1.72219E+12
9,6,1.71911E+12,47,220.67,5,0.57,1.71845E+12
10,8,1.71886E+12,163,142.05,5,0.76,1.71848E+12
11,2,1.71698E+12,113,164.21,5,0.15,1.72003E+12
12,5,1.71508E+12,285,138.53,3,0.52,1.72151E+12
13,7,1.71895E+12,276,168.19,3,0.33,1.71854E+12
14,4,1.7149E+12,226,215.48,2,0.6,1.7189E+12
15,10,1.71577E+12,157,50.92,7,0.17,1.72015E+12
16,10,1.71867E+12,230,56.63,4,0.28,1.7212E+12
17,7,1.71504E+12,151,264.54,8,0.66,1.72027E+12
18,8,1.71834E+12,87,168.67,8,0.76,1.71735E+12
19,10,1.71594E+12,103,185.46,3,0.13,1.72049E+12
20,6,1.71628E+12,91,124.21,1,0.08,1.71761E+12
21,8,1.71954E+12,133,162.65,3,0.53,1.71776E+12
22,3,1.72072E+12,96,236.67,4,0.13,1.72142E+12
23,6,1.71664E+12,44,183.82,2,0.39,1.71926E+12
24,1,1.71496E+12,181,253.67,8,0.27,1.72088E+12
25,5,1.71783E+12,115,183.92,8,0.08,1.72043E+12
26,4,1.71919E+12,78,120.14,10,0.34,1.72062E+12
27,9,1.71906E+12,284,298.84,7,0.74,1.72109E+12
28,6,1.72006E+12,236,87.79,9,0.56,1.72183E+12
29,1,1.71931E+12,285,153.42,7,0.57,1.71787E+12
30,5,1.72055E+12,168,129.35,6,0.76,1.7205E+12
31,8,1.71675E+12,275,129.56,6,0.55,1.72191E+12
32,10,1.71924E+12,41,73.03,9,0.78,1.72165E+12
33,2,1.71872E+12,273,247.76,5,0.07,1.71806E+12
34,8,1.71768E+12,63,154.54,7,0.98,1.72086E+12
35,8,1.71717E+12,258,77.22,1,0.81,1.72032E+12
36,10,1.72227E+12,97,58.65,4,0.19,1.72113E+12
37,6,1.72182E+12,230,190.54,3,0.79,1.71808E+12
38,3,1.71677E+12,71,10.16,4,0.13,1.72038E+12
39,2,1.72042E+12,290,157.61,6,0.88,1.72199E+12
40,8,1.71947E+12,206,180.35,4,0.57,1.71725E+12
41,10,1.71818E+12,136,215.53,5,0.92,1.71958E+12
42,3,1.71978E+12,115,199.51,7,0.66,1.71728E+12
43,8,1.72202E+12,16,146.74,4,0.38,1.71977E+12
44,9,1.72153E+12,216,143.67,10,0.31,1.71977E+12
45,2,1.7179E+12,84,179.43,6,0.65,1.7221E+12
46,2,1.72032E+12,265,34.9,6,0.47,1.72036E+12
47,4,1.71464E+12,283,106.3,6,0.78,1.72098E+12
48,10,1.71926E+12,134,52.97,7,0.72,1.72018E+12
49,3,1.71584E+12,205,280.41,4,0.87,1.72092E+12
50,2,1.71888E+12,113,38.66,1,0.37,1.72155E+12
51,2,1.72015E+12,166,157.76,7,0.32,1.71776E+12
52,8,1.71766E+12,59,69.32,1,0.75,1.71904E+12
53,2,1.72167E+12,115,44.13,4,0.57,1.71927E+12
54,1,1.71774E+12,62,65,7,0.07,1.7188E+12
55,1,1.72143E+12,28,106.13,9,0.65,1.72059E+12
56,10,1.71893E+12,136,251.15,2,0.98,1.71911E+12
57,8,1.72042E+12,182,54.94,7,0.72,1.71964E+12
58,9,1.71454E+12,177,102.4,2,0.12,1.7198E+12
59,5,1.7203E+12,111,23.47,10,0.25,1.7222E+12
60,10,1.71543E+12,300,51.18,8,0.29,1.7218E+12
61,7,1.7187E+12,267,172.83,5,0.87,1.72087E+12
62,1,1.71677E+12,10,162.92,10,0.39,1.71757E+12
63,2,1.71894E+12,174,132.79,1,0.94,1.71817E+12
64,2,1.72047E+12,77,83.98,7,0.37,1.71791E+12
65,3,1.71769E+12,236,54.66,3,0.36,1.71887E+12
66,6,1.71695E+12,221,204.29,6,0.4,1.7215E+12
67,1,1.71988E+12,184,35.6,9,0.99,1.71807E+12
68,5,1.7167E+12,140,82.53,4,0.47,1.71887E+12
69,3,1.72126E+12,107,45.44,9,0.6,1.72106E+12
70,9,1.71785E+12,297,151.17,6,0.43,1.72037E+12
71,3,1.7199E+12,208,44.76,8,0.23,1.72232E+12
72,10,1.71562E+12,179,163.69,5,0.45,1.72145E+12
73,3,1.71682E+12,40,236.88,3,0.02,1.71941E+12
74,5,1.72215E+12,13,179.67,6,0.82,1.7181E+12
75,4,1.71797E+12,2,52.84,5,0.89,1.71821E+12
76,9,1.71465E+12,173,49.08,7,0.23,1.7182E+12
77,1,1.71595E+12,36,221.92,6,0.99,1.72229E+12
78,5,1.71489E+12,93,29.65,10,0.67,1.71828E+12
79,5,1.71752E+12,263,106.84,1,0.69,1.72007E+12
80,8,1.72206E+12,154,210.74,10,0.62,1.72234E+12
81,3,1.72012E+12,277,157.49,8,0.22,1.71725E+12
82,8,1.71659E+12,224,87.81,8,0.57,1.71935E+12
83,8,1.71981E+12,154,172.97,3,0.74,1.71882E+12
84,5,1.71817E+12,145,24.26,7,0.95,1.72104E+12
85,9,1.71896E+12,226,254.95,8,0.1,1.72142E+12
86,8,1.72091E+12,198,188.1,4,0.29,1.71773E+12
87,3,1.71936E+12,159,218.25,2,0.93,1.71853E+12
88,10,1.71577E+12,153,55.67,3,0.96,1.71809E+12
89,9,1.71766E+12,141,59.14,9,0.37,1.72132E+12
90,3,1.7164E+12,145,260.74,3,0.7,1.72048E+12
91,4,1.72151E+12,39,263.62,8,0.58,1.72188E+12
92,4,1.71648E+12,232,49.72,8,0.78,1.72112E+12
93,7,1.71843E+12,162,243.37,3,0.49,1.7183E+12
94,7,1.71641E+12,169,220.73,4,0.35,1.71749E+12
95,8,1.71944E+12,165,193.2,8,0.75,1.72164E+12
96,10,1.71535E+12,43,121.98,2,0.18,1.72182E+12
97,4,1.72222E+12,139,220.56,4,0.19,1.71954E+12
98,5,1.72172E+12,253,218.72,3,0.1,1.7184E+12
99,9,1.71521E+12,53,47.85,2,0.53,1.71797E+12
100,6,1.72137E+12,14,185.35,1,0.62,1.71947E+12
101,6,1.71634E+12,215,195.96,6,0.62,1.71745E+12
102,6,1.71706E+12,203,101.63,5,0.61,1.72175E+12
103,6,1.72091E+12,33,84.36,7,0.44,1.71721E+12
104,1,1.71506E+12,7,44.48,4,0.76,1.72136E+12
105,4,1.71902E+12,286,97.22,4,0.3,1.71747E+12
106,1,1.71735E+12,198,266.27,7,0.09,1.71862E+12
107,8,1.71698E+12,60,169.28,1,0.62,1.71927E+12
108,10,1.71736E+12,220,162.52,8,0.78,1.71787E+12
109,6,1.7176E+12,91,200.59,5,0.21,1.71997E+12
110,6,1.71525E+12,85,250.27,8,0.09,1.71997E+12
111,2,1.71778E+12,43,49.63,8,0.64,1.71738E+12
112,3,1.72043E+12,10,246.52,9,0.76,1.72177E+12
113,2,1.71611E+12,252,299.96,10,0.16,1.72098E+12
114,9,1.71499E+12,52,48.49,1,0.61,1.72062E+12
115,3,1.71739E+12,22,240.22,2,0.01,1.72199E+12
116,1,1.72222E+12,51,56.5,4,0.46,1.71928E+12
117,7,1.71803E+12,125,37.94,3,0.31,1.72133E+12
118,2,1.71997E+12,5,205.9,1,0.37,1.72048E+12
119,9,1.71779E+12,97,233.14,1,0.41,1.71754E+12
120,10,1.72091E+12,26,73.77,8,0.91,1.72132E+12
121,3,1.71975E+12,250,144.2,2,0.77,1.72053E+12
122,2,1.71637E+12,208,50.59,2,0.11,1.7193E+12
123,5,1.72075E+12,251,204.11,2,0.98,1.71768E+12
124,4,1.71537E+12,290,171.44,6,0.94,1.72044E+12
125,8,1.71921E+12,219,87.72,5,0.6,1.71848E+12
126,9,1.71982E+12,45,9.32,1,0.34,1.71846E+12
127,1,1.7221E+12,279,186.55,5,0.78,1.72215E+12
128,3,1.71453E+12,223,158.94,5,0.93,1.7223E+12
129,7,1.71466E+12,253,292.99,8,0.4,1.72173E+12
130,3,1.72021E+12,239,214.09,1,0.16,1.72031E+12
131,1,1.71865E+12,203,108.9,4,0.1,1.72045E+12
132,4,1.71499E+12,109,125.04,6,0.44,1.71943E+12
133,6,1.7188E+12,143,105.85,3,0.53,1.72109E+12
134,3,1.7168E+12,36,90.56,10,0.91,1.71963E+12
135,8,1.72001E+12,205,19.17,6,0.48,1.72193E+12
136,1,1.71614E+12,125,35.53,4,0.92,1.71794E+12
137,1,1.71508E+12,191,297.95,2,0.9,1.7174E+12
138,1,1.71468E+12,85,54.87,2,0.51,1.71803E+12
139,8,1.71965E+12,6,167.87,7,0.72,1.72122E+12
140,1,1.7166E+12,234,189.29,6,0.26,1.72133E+12
141,2,1.71815E+12,228,154.43,9,0.26,1.71874E+12
142,9,1.71594E+12,222,230.81,7,0.22,1.71738E+12
143,6,1.71489E+12,100,32.87,9,0.05,1.71798E+12
144,10,1.71936E+12,88,157.35,6,0.09,1.71734E+12
145,6,1.71698E+12,17,189.09,8,0.2,1.7216E+12
146,5,1.722E+12,244,227.95,3,0.3,1.71863E+12
147,8,1.72075E+12,263,164.7,9,0.08,1.71829E+12
148,3,1.72109E+12,63,73.57,3,0.46,1.72044E+12
149,3,1.71796E+12,172,184.39,8,0.8,1.71875E+12
150,3,1.71591E+12,107,165.41,9,0.63,1.72225E+12
151,4,1.72035E+12,81,29.96,1,0.77,1.71811E+12
152,2,1.72076E+12,238,231.42,1,0.86,1.72081E+12
153,8,1.72226E+12,38,119.55,6,0.1,1.71993E+12
154,2,1.71743E+12,211,188.96,7,0.45,1.71942E+12
155,4,1.72206E+12,262,230.51,9,0.19,1.72177E+12
156,6,1.71638E+12,294,40.28,8,0.27,1.72212E+12
157,1,1.71592E+12,202,81.71,6,0.85,1.71788E+12
158,5,1.71637E+12,173,229.94,8,0.72,1.71964E+12
159,9,1.71628E+12,260,84.64,2,0.89,1.72221E+12
160,7,1.71813E+12,80,72.62,6,0.17,1.71947E+12
161,9,1.71861E+12,56,208.19,3,0.49,1.71901E+12
162,6,1.71968E+12,36,179.28,9,0.33,1.71988E+12
163,8,1.72149E+12,74,65.36,9,0.63,1.71721E+12
164,1,1.71913E+12,104,251.18,6,0.71,1.72003E+12
165,10,1.72048E+12,237,219.37,1,0.08,1.72035E+12
166,6,1.72035E+12,197,265,4,0.56,1.71853E+12
167,1,1.71701E+12,28,95.12,8,0.89,1.72038E+12
168,6,1.71591E+12,31,273.31,7,0.43,1.7222E+12
169,8,1.71806E+12,108,51.48,6,0.12,1.71808E+12
170,8,1.719E+12,293,218.75,9,0.6,1.7194E+12
171,1,1.72212E+12,68,250.16,10,0.32,1.71739E+12
172,2,1.71473E+12,39,293.65,9,0.42,1.71798E+12
173,7,1.71714E+12,187,270.71,10,0.92,1.72115E+12
174,4,1.72006E+12,64,93.37,3,0.83,1.72019E+12
175,4,1.71944E+12,77,185.72,5,0.04,1.71935E+12
176,7,1.71596E+12,8,266.01,1,0.8,1.71933E+12
177,4,1.71816E+12,262,16.46,3,0.13,1.72225E+12
178,6,1.7159E+12,180,227.58,7,0.79,1.71784E+12
179,5,1.71593E+12,65,161.01,8,0.66,1.71915E+12
180,9,1.72031E+12,222,292.16,6,0.99,1.72152E+12
181,10,1.7193E+12,280,167.75,5,0.34,1.72093E+12
182,9,1.71804E+12,163,109.9,5,0.97,1.71908E+12
183,6,1.71896E+12,257,73.91,7,0.93,1.72185E+12
184,2,1.71723E+12,200,171.94,8,0.17,1.71952E+12
185,5,1.72105E+12,107,178.55,7,0.55,1.7201E+12
186,7,1.71847E+12,52,122.82,5,0.86,1.71796E+12
187,5,1.71813E+12,289,183.06,2,0.99,1.72156E+12
188,5,1.71808E+12,158,260.85,4,0.79,1.71993E+12
189,5,1.72019E+12,242,146.73,3,0.24,1.7195E+12
190,3,1.71828E+12,207,111.52,2,0.45,1.7203E+12
191,7,1.7181E+12,242,231.87,3,0.22,1.72066E+12
192,9,1.71653E+12,12,190.97,5,0.26,1.71911E+12
193,3,1.72089E+12,261,276.52,4,0.2,1.72106E+12
194,9,1.72224E+12,178,148.36,5,0.01,1.71977E+12
195,7,1.71854E+12,271,286.15,6,0.99,1.72029E+12
196,7,1.71971E+12,46,186.36,10,0.22,1.7218E+12
197,3,1.72081E+12,196,179.77,2,0.77,1.72061E+12
198,5,1.71837E+12,254,225.99,9,0.88,1.71863E+12
199,10,1.72179E+12,169,197.42,4,0.8,1.71937E+12
200,10,1.71473E+12,172,203.69,3,0.17,1.72176E+12
201,4,1.71923E+12,103,195.99,5,0.87,1.72204E+12
202,9,1.71804E+12,256,250.73,8,0.24,1.71959E+12
203,10,1.7159E+12,265,195.04,8,0.24,1.71728E+12
204,9,1.71632E+12,154,177.16,8,0.97,1.72026E+12
205,5,1.71548E+12,293,212.43,7,0.26,1.72128E+12
206,7,1.72017E+12,78,223.18,10,0.18,1.7186E+12
207,4,1.71752E+12,141,68.92,5,0.36,1.72109E+12
208,4,1.72073E+12,195,100.77,5,0.58,1.71928E+12
209,4,1.71672E+12,246,149.61,1,0.66,1.72138E+12
210,7,1.71696E+12,155,263.12,8,0.73,1.72013E+12
211,9,1.71654E+12,5,155.52,3,0.77,1.72073E+12
212,10,1.71616E+12,83,165.78,6,0.48,1.71864E+12
213,2,1.71967E+12,105,143.26,10,0.82,1.72152E+12
214,4,1.72224E+12,32,139.32,2,0.57,1.72027E+12
215,7,1.71819E+12,136,70.04,2,0.09,1.71802E+12
216,3,1.71926E+12,188,12.25,9,0.82,1.72064E+12
217,8,1.72126E+12,44,17.56,4,0.6,1.71882E+12
218,3,1.71998E+12,103,217.84,10,0.06,1.71906E+12
219,6,1.71591E+12,294,226.22,1,0.65,1.71839E+12
220,1,1.71851E+12,122,173.84,8,0.51,1.72226E+12
221,10,1.71548E+12,2,209.01,9,0.21,1.72189E+12
222,1,1.71916E+12,3,48.52,5,0.71,1.71983E+12
223,7,1.71875E+12,210,277.55,4,0.31,1.71964E+12
224,5,1.71556E+12,132,288.47,6,0.62,1.7182E+12
225,3,1.72164E+12,51,163.56,9,0.16,1.71794E+12
226,8,1.71805E+12,161,11.23,10,0.26,1.72199E+12
227,10,1.71475E+12,129,269.16,9,0.27,1.71994E+12
228,8,1.71738E+12,213,96.51,8,0.03,1.72167E+12
229,7,1.71749E+12,268,156,10,0.04,1.71877E+12
230,7,1.71636E+12,184,269.77,2,0.42,1.72062E+12
231,6,1.71927E+12,166,155.56,5,0.25,1.72185E+12
232,5,1.71458E+12,141,88.31,3,0,1.71822E+12
233,4,1.7217E+12,160,207.42,2,0.47,1.72179E+12
234,3,1.71489E+12,271,25.09,1,0.7,1.72236E+12
235,6,1.71979E+12,292,34.48,4,0.28,1.71772E+12
236,3,1.71481E+12,68,227.96,4,0.52,1.72227E+12
237,3,1.71793E+12,190,148.05,9,0.35,1.71946E+12
238,6,1.71651E+12,270,138.87,9,0.78,1.72042E+12
239,3,1.71658E+12,105,194.46,6,0.67,1.71939E+12
240,9,1.71581E+12,240,150.68,2,0.21,1.72118E+12
241,1,1.71747E+12,18,238.76,2,0.76,1.71998E+12
242,5,1.72052E+12,237,177.41,10,0.44,1.72203E+12
243,1,1.71827E+12,251,144.24,8,0.63,1.7223E+12
244,2,1.7162E+12,252,63.22,1,0.71,1.7199E+12
245,8,1.716E+12,208,131.14,4,0.6,1.71947E+12
246,10,1.71556E+12,201,110.89,5,0.82,1.71739E+12
247,6,1.72007E+12,188,211.33,1,0.97,1.72201E+12
248,10,1.7152E+12,31,172.02,1,0.36,1.72171E+12
249,2,1.71771E+12,272,133.76,10,0.61,1.71895E+12
250,9,1.7176E+12,201,10.88,2,0.51,1.7202E+12
251,8,1.71672E+12,132,269.95,6,0.98,1.71988E+12
252,4,1.71495E+12,204,179.32,1,0.69,1.71888E+12
253,10,1.71945E+12,152,12.62,4,0.12,1.71871E+12
254,5,1.71964E+12,103,143.49,2,0.58,1.72057E+12
255,5,1.71776E+12,284,287.17,10,0.42,1.72228E+12
256,7,1.71823E+12,140,214.26,10,0.7,1.71988E+12
257,3,1.71886E+12,96,15.55,4,0.58,1.71935E+12
258,2,1.71872E+12,36,188.98,3,0.01,1.72175E+12
259,1,1.71757E+12,231,284.17,8,1,1.71725E+12
260,10,1.71511E+12,294,23.69,5,0.27,1.71881E+12
261,6,1.72195E+12,255,30.03,4,0.33,1.7176E+12
262,2,1.72154E+12,221,203.96,2,0.28,1.72009E+12
263,8,1.71745E+12,268,15.84,6,0.2,1.72109E+12
264,4,1.7161E+12,252,70.22,2,0.52,1.72038E+12
265,2,1.71655E+12,132,267.27,9,0.22,1.71834E+12
266,8,1.72226E+12,266,198.65,5,0.69,1.71921E+12
267,9,1.71786E+12,112,223.33,4,0.95,1.72043E+12
268,7,1.71764E+12,225,275.14,9,0.82,1.72165E+12
269,8,1.71784E+12,173,272.86,3,0.93,1.71996E+12
270,4,1.71967E+12,160,49.73,6,0.23,1.71918E+12
271,6,1.72192E+12,292,270.44,2,0.53,1.71849E+12
272,10,1.71729E+12,273,294.95,3,0.17,1.72208E+12
273,5,1.72071E+12,242,108.39,2,0.99,1.72031E+12
274,8,1.71903E+12,79,251.29,6,0.35,1.72058E+12
275,4,1.71847E+12,199,54.34,6,0.69,1.72199E+12
276,2,1.72004E+12,84,110.37,4,0.68,1.7196E+12
277,10,1.71599E+12,33,38.01,2,0.18,1.71921E+12
278,4,1.71812E+12,122,129.71,3,0.74,1.72049E+12
279,2,1.7148E+12,84,61.98,1,0.53,1.72108E+12
280,4,1.71769E+12,204,103.09,7,0.17,1.71924E+12
281,6,1.71935E+12,230,43.59,9,0.35,1.7192E+12
282,3,1.71569E+12,80,198.51,2,0.21,1.72003E+12
283,5,1.71721E+12,278,215.09,8,0.95,1.71778E+12
284,1,1.72211E+12,254,71.04,9,0.28,1.72112E+12
285,9,1.71686E+12,275,246.37,7,0.53,1.72187E+12
286,6,1.71594E+12,222,25.61,5,0.47,1.71813E+12
287,2,1.71925E+12,99,16.84,2,0.28,1.719E+12
288,3,1.71816E+12,92,152.47,9,0.48,1.72081E+12
289,1,1.72061E+12,145,148.67,1,0.63,1.71778E+12
290,10,1.71818E+12,105,244.42,7,0.54,1.72141E+12
291,6,1.7217E+12,283,121.08,9,0.43,1.7175E+12
292,7,1.71495E+12,299,116.55,9,0.41,1.71997E+12
293,3,1.71841E+12,141,183.23,7,0.34,1.71957E+12
294,10,1.72135E+12,189,181.6,5,0.08,1.72226E+12
295,9,1.72156E+12,9,140.38,10,0.59,1.72188E+12
296,2,1.71885E+12,273,227.87,2,0.7,1.72099E+12
297,7,1.7161E+12,193,245.3,5,0.47,1.72097E+12
298,10,1.71682E+12,8,30.87,6,0.57,1.72129E+12
299,8,1.72189E+12,244,48.13,5,0.79,1.71899E+12
300,9,1.72193E+12,273,248.35,10,0.9,1.72166E+12
301,8,1.71633E+12,130,219.08,2,0.52,1.72042E+12
302,6,1.7184E+12,133,112.77,6,0.51,1.72106E+12
303,5,1.7206E+12,138,245,8,0.25,1.72235E+12
304,9,1.72174E+12,15,65.16,8,0.17,1.72027E+12
305,10,1.71981E+12,126,260.45,6,0.79,1.71796E+12
306,10,1.72049E+12,263,105.38,5,0.03,1.71774E+12
307,7,1.71531E+12,285,67.15,2,0.26,1.72237E+12
308,1,1.71642E+12,74,170.05,7,0.89,1.71883E+12
309,8,1.71579E+12,178,134.35,5,0.86,1.72064E+12
310,2,1.71732E+12,9,226.21,10,0.11,1.72224E+12
311,8,1.71864E+12,194,35.17,9,0.52,1.72005E+12
312,2,1.71485E+12,50,129.42,10,0.33,1.71933E+12
313,1,1.71882E+12,231,172.12,1,0.12,1.71804E+12
314,7,1.71825E+12,212,238.03,2,0.81,1.71884E+12
315,6,1.71564E+12,119,117.97,4,0.34,1.71731E+12
316,10,1.72075E+12,75,171.11,2,0.52,1.71895E+12
317,10,1.71488E+12,296,175.3,7,0.11,1.72069E+12
318,9,1.71626E+12,241,180.95,10,0.43,1.72183E+12
319,3,1.71565E+12,155,285.99,5,0.98,1.71963E+12
320,7,1.72146E+12,97,286.3,8,0.41,1.72014E+12
321,6,1.71535E+12,195,79.21,2,0.29,1.72221E+12
322,3,1.71628E+12,157,257.48,6,0.02,1.72232E+12
323,6,1.71826E+12,290,111.09,3,0.8,1.71808E+12
324,2,1.71657E+12,95,29.73,9,0.27,1.72053E+12
325,7,1.71468E+12,261,273.47,10,0.79,1.7177E+12
326,6,1.71772E+12,263,89.69,1,0.22,1.71958E+12
327,7,1.71468E+12,18,95.92,5,0.79,1.7196E+12
328,3,1.71747E+12,293,195.67,5,0.98,1.72173E+12
329,3,1.72043E+12,278,26.46,4,0.35,1.71938E+12
330,5,1.71594E+12,202,103.99,8,0.92,1.72089E+12
331,1,1.71725E+12,246,150.76,5,0.86,1.71933E+12
332,1,1.71927E+12,260,199.11,5,0.46,1.72149E+12
333,7,1.71583E+12,171,24.33,6,0.36,1.71723E+12
334,7,1.72195E+12,299,297.49,8,0.77,1.71886E+12
335,5,1.7187E+12,14,286.72,8,0.4,1.7205E+12
336,3,1.71937E+12,276,234.48,3,0.09,1.72156E+12
337,5,1.72064E+12,241,220.23,6,0.24,1.71885E+12
338,2,1.71567E+12,159,151.76,9,0.45,1.71952E+12
339,1,1.7158E+12,130,12.68,9,0.33,1.72029E+12
340,10,1.72175E+12,76,142.92,2,0.49,1.71882E+12
341,6,1.71509E+12,20,117.73,10,0.81,1.71809E+12
342,10,1.72052E+12,161,245.75,4,0.33,1.72099E+12
343,3,1.71962E+12,273,14.64,6,0.37,1.72025E+12
344,10,1.7147E+12,132,59.09,1,0.44,1.71772E+12
345,10,1.71872E+12,160,42.85,3,0.81,1.71965E+12
346,1,1.71502E+12,156,165.65,1,0.24,1.72037E+12
347,5,1.72042E+12,107,114.72,7,0.31,1.71797E+12
348,5,1.722E+12,206,90.24,10,0.65,1.72069E+12
349,10,1.71543E+12,1,136.95,7,0.21,1.71911E+12
350,3,1.71934E+12,163,152.74,8,0.18,1.72158E+12
351,1,1.71641E+12,111,199.87,9,0.46,1.71816E+12
352,2,1.71573E+12,222,217.93,3,0.23,1.72227E+12
353,8,1.72014E+12,267,70.92,2,0.98,1.71885E+12
354,6,1.71545E+12,1,79.29,2,0.94,1.7174E+12
355,7,1.71911E+12,255,260.3,9,0.67,1.71945E+12
356,5,1.71484E+12,277,119.4,4,0.65,1.72068E+12
357,1,1.71988E+12,185,31.8,5,0.61,1.72118E+12
358,3,1.71454E+12,186,70.5,9,0.08,1.71885E+12
359,7,1.71459E+12,248,122.67,9,0.14,1.71777E+12
360,9,1.71992E+12,259,226.36,8,0.11,1.72104E+12
361,4,1.72136E+12,120,87.81,3,0.11,1.71777E+12
362,1,1.72116E+12,154,257.4,2,0.55,1.72175E+12
363,9,1.71716E+12,262,224,6,0.52,1.71782E+12
364,4,1.71498E+12,208,130.63,1,0.18,1.72047E+12
365,8,1.71899E+12,56,73.96,5,0.41,1.71824E+12
366,8,1.71522E+12,1,86.28,9,0.94,1.72204E+12
367,2,1.7183E+12,119,68.02,9,0.68,1.71778E+12
368,3,1.7157E+12,36,264.67,7,0.5,1.71888E+12
369,7,1.71471E+12,84,196.79,8,0.21,1.71958E+12
370,10,1.71663E+12,197,93.41,9,0.27,1.72229E+12
371,4,1.71475E+12,154,60.4,6,0.03,1.71933E+12
372,8,1.715E+12,266,73.76,10,0.96,1.71729E+12
373,8,1.71758E+12,203,139.26,3,0.36,1.71968E+12
374,8,1.72004E+12,137,58.34,7,0.41,1.71897E+12
375,9,1.72171E+12,91,133.5,10,0.07,1.71993E+12
376,8,1.71916E+12,153,180.68,1,0.3,1.72006E+12
377,3,1.71934E+12,271,84.06,7,0.94,1.72129E+12
378,1,1.71453E+12,13,218.34,10,0.76,1.71944E+12
379,1,1.71601E+12,244,91.23,5,0.31,1.71866E+12
380,5,1.71591E+12,37,47.03,3,0.75,1.71917E+12
381,10,1.71753E+12,187,194.74,9,0.04,1.71843E+12
382,10,1.72148E+12,192,54.95,9,0.63,1.71957E+12
383,7,1.71713E+12,96,126.4,2,0.9,1.72067E+12
384,7,1.72201E+12,76,247.39,6,0.11,1.7191E+12
385,1,1.71526E+12,155,270.5,4,0.49,1.7188E+12
386,2,1.71486E+12,299,228.06,5,0.82,1.7205E+12
387,5,1.71506E+12,158,289.36,8,0.42,1.71993E+12
388,3,1.71507E+12,229,21.4,9,0.63,1.71823E+12
389,7,1.7196E+12,285,16.72,5,0.47,1.72069E+12
390,9,1.71839E+12,29,239.78,9,0.02,1.71742E+12
391,5,1.72199E+12,293,196.25,6,0.44,1.71856E+12
392,6,1.71563E+12,13,157.37,9,0.05,1.72021E+12
393,5,1.7186E+12,260,262.78,4,0.13,1.71749E+12
394,8,1.72164E+12,39,162.48,9,0.83,1.72177E+12
395,5,1.71798E+12,73,49.85,8,0.62,1.71763E+12
396,9,1.71854E+12,238,227.49,7,0.83,1.71947E+12
397,8,1.71582E+12,169,222.58,6,0.95,1.72173E+12
398,8,1.72033E+12,61,33.72,2,0.29,1.72081E+12
399,3,1.72113E+12,295,19.34,5,0.9,1.72146E+12
400,6,1.71855E+12,49,238.22,9,0.69,1.7216E+12
401,4,1.71547E+12,48,234.15,6,0.95,1.71774E+12
402,7,1.71947E+12,255,65.31,3,0.83,1.71821E+12
403,8,1.71914E+12,125,134.42,6,0.77,1.71796E+12
404,8,1.71908E+12,36,212.02,1,0.45,1.72042E+12
405,2,1.72152E+12,72,157.36,9,0.44,1.72188E+12
406,7,1.71736E+12,14,54.32,8,0.93,1.71759E+12
407,10,1.71577E+12,268,258.92,8,0.52,1.71951E+12
408,3,1.72053E+12,148,156.2,4,0.65,1.72198E+12
409,4,1.72238E+12,219,137.46,3,0.05,1.72008E+12
410,6,1.72211E+12,200,281.69,6,0.86,1.71796E+12
411,3,1.71653E+12,16,177.12,7,0.66,1.71797E+12
412,7,1.72125E+12,28,137.96,9,0.25,1.71758E+12
413,8,1.71753E+12,101,9.32,3,0.48,1.71725E+12
414,6,1.71756E+12,129,220.82,8,0.16,1.72099E+12
415,1,1.71788E+12,240,149.92,10,0.84,1.72213E+12
416,8,1.71469E+12,300,104.75,7,0.09,1.72067E+12
417,5,1.72028E+12,50,126.17,8,0.25,1.72033E+12
418,5,1.71501E+12,47,236.57,1,0.55,1.72124E+12
419,5,1.71932E+12,43,130.88,8,0.08,1.71877E+12
420,3,1.71555E+12,112,297.2,9,0.01,1.71822E+12
421,6,1.71982E+12,144,140.09,4,0.52,1.71848E+12
422,2,1.72053E+12,131,189.67,6,0.74,1.71911E+12
423,5,1.72101E+12,272,162.93,8,0.3,1.71918E+12
424,7,1.72032E+12,157,107.8,1,0.51,1.72235E+12
425,3,1.71628E+12,65,200.14,5,0.93,1.71931E+12
426,9,1.71718E+12,260,148.37,7,0.97,1.71866E+12
427,7,1.71479E+12,178,63.36,3,0.08,1.71929E+12
428,6,1.72072E+12,218,147.4,8,0.2,1.72003E+12
429,3,1.71513E+12,290,252.7,3,0.6,1.71983E+12
430,2,1.71698E+12,95,227.58,10,0.99,1.71885E+12
431,7,1.71976E+12,278,234.53,1,0.29,1.72192E+12
432,5,1.71785E+12,283,257.42,1,0.78,1.71772E+12
433,10,1.7206E+12,6,298.97,1,0.1,1.72173E+12
434,9,1.71682E+12,107,233.17,10,0.13,1.72172E+12
435,4,1.71709E+12,234,54.97,5,0.82,1.71904E+12
436,2,1.72073E+12,291,91.49,7,0.82,1.71844E+12
437,8,1.72121E+12,33,284.46,2,0.71,1.72098E+12
438,8,1.72206E+12,10,200.07,4,0.68,1.71994E+12
439,1,1.7153E+12,277,143.17,3,0.93,1.71841E+12
440,3,1.71614E+12,51,16.79,10,0.09,1.72222E+12
441,10,1.71503E+12,232,149.23,4,0.76,1.71929E+12
442,2,1.72166E+12,133,293.82,6,0.37,1.72124E+12
443,7,1.7208E+12,27,88.01,1,0.34,1.71943E+12
444,4,1.72156E+12,240,44.57,10,0.23,1.72145E+12
445,9,1.72084E+12,57,83.29,4,0.61,1.71867E+12
446,6,1.71792E+12,28,206.39,9,0.43,1.71751E+12
447,7,1.7147E+12,265,81.17,6,0.16,1.71943E+12
448,8,1.71896E+12,31,61.83,9,0.71,1.72115E+12
449,4,1.71917E+12,183,64.7,2,0.76,1.7185E+12
450,10,1.71709E+12,30,159.91,8,0.35,1.72038E+12
451,6,1.71697E+12,100,283.36,2,0.58,1.72216E+12
452,3,1.71679E+12,11,40.95,6,0.71,1.71895E+12
453,10,1.71639E+12,88,128.66,1,0.68,1.72195E+12
454,5,1.71745E+12,38,277.74,6,0.26,1.7213E+12
455,7,1.71935E+12,220,204.13,8,0.35,1.72104E+12
456,3,1.71541E+12,55,273.22,8,0.6,1.71934E+12
457,8,1.71852E+12,196,180.78,3,0.44,1.71851E+12
458,10,1.71993E+12,264,294.82,5,0.97,1.72126E+12
459,3,1.71572E+12,36,237.62,1,0.68,1.72166E+12
460,2,1.71778E+12,187,278.81,3,0.8,1.72196E+12
461,1,1.71757E+12,76,24.21,9,0.02,1.72166E+12
462,8,1.72057E+12,199,115.24,5,0.81,1.71927E+12
463,9,1.71508E+12,189,21.65,10,0.53,1.72011E+12
464,4,1.71836E+12,283,253.24,6,0.22,1.7218E+12
465,4,1.72088E+12,246,130.12,4,0.13,1.72227E+12
466,5,1.7155E+12,200,81.29,1,0.36,1.72203E+12
467,1,1.71913E+12,153,28.34,2,0.54,1.72004E+12
468,5,1.71796E+12,69,201.4,10,0.86,1.71931E+12
469,1,1.71922E+12,219,132.03,4,0.79,1.72024E+12
470,2,1.71854E+12,273,25.56,5,0.81,1.71767E+12
471,6,1.71751E+12,83,25.68,8,0.67,1.72E+12
472,2,1.71803E+12,119,11.43,10,0.69,1.72117E+12
473,2,1.71788E+12,7,108.03,1,0.62,1.72207E+12
474,8,1.71664E+12,44,195.28,1,0.86,1.71883E+12
475,3,1.7151E+12,195,192.46,5,0.8,1.72148E+12
476,5,1.72236E+12,51,225.72,3,0.6,1.72102E+12
477,8,1.71545E+12,134,18.27,9,0.15,1.71936E+12
478,9,1.72118E+12,110,169.11,6,0.36,1.72217E+12
479,6,1.71923E+12,27,179.89,2,0.42,1.71895E+12
480,5,1.71989E+12,1,71.28,4,0.46,1.721E+12
481,2,1.71647E+12,28,92.1,7,0.76,1.7174E+12
482,10,1.7184E+12,275,240.02,10,0.08,1.71766E+12
483,2,1.71911E+12,257,296.87,5,0.2,1.72236E+12
484,5,1.71643E+12,101,238.47,6,0.23,1.72216E+12
485,1,1.72099E+12,201,253.37,5,0.65,1.72219E+12
486,1,1.7209E+12,24,215.11,9,0.57,1.72183E+12
487,9,1.71756E+12,201,13.59,1,0.71,1.71946E+12
488,5,1.72091E+12,94,175.03,10,0.96,1.72113E+12
489,7,1.71867E+12,4,169.07,6,0.78,1.7184E+12
490,2,1.72222E+12,2,136.3,2,0.62,1.71842E+12
491,5,1.71878E+12,239,53.45,2,0.29,1.7191E+12
492,2,1.72032E+12,162,38.18,3,0.39,1.721E+12
493,7,1.71647E+12,167,253.89,1,0.5,1.72105E+12
494,7,1.71594E+12,258,161.42,6,0.69,1.72193E+12
495,9,1.72086E+12,203,254.96,5,0.3,1.71987E+12
496,4,1.71997E+12,259,26.28,2,0.19,1.72015E+12
497,10,1.71988E+12,158,223.51,3,0.01,1.72224E+12
498,2,1.71759E+12,258,118.17,7,0.85,1.7185E+12
499,2,1.71701E+12,72,145.02,6,0.98,1.71789E+12
500,4,1.71598E+12,179,93.53,10,0.08,1.7191E+12
501,9,1.71569E+12,119,212.84,2,0.73,1.72146E+12
502,8,1.71557E+12,169,15.82,10,0.95,1.72127E+12
503,8,1.72047E+12,241,100.01,9,0.52,1.71872E+12
504,10,1.71599E+12,108,239.9,9,0.21,1.71995E+12
505,2,1.72229E+12,105,116.51,4,0,1.71875E+12
506,9,1.71963E+12,277,212.84,9,0.16,1.71766E+12
507,10,1.7202E+12,9,118.16,9,0.65,1.72002E+12
508,1,1.71967E+12,47,266.21,4,0.37,1.71823E+12
509,2,1.71952E+12,268,135.4,8,0.74,1.72024E+12
510,2,1.72096E+12,270,26.1,8,0.9,1.72234E+12
511,6,1.71692E+12,181,92.37,2,0.12,1.71863E+12
512,1,1.72109E+12,194,132.49,7,0.5,1.71969E+12
513,6,1.71643E+12,180,195.37,8,0.93,1.72222E+12
514,6,1.71486E+12,22,28.52,3,0.56,1.72228E+12
515,9,1.71454E+12,158,213.03,4,0.18,1.7199E+12
516,7,1.71725E+12,183,295.64,7,0.63,1.72132E+12
517,10,1.71679E+12,193,233.27,7,0.78,1.72142E+12
518,2,1.72118E+12,280,176.35,3,0.47,1.72238E+12
519,7,1.71543E+12,298,15.8,6,0.65,1.71854E+12
520,9,1.71926E+12,199,102.66,2,0.17,1.71728E+12
521,7,1.71746E+12,183,109.55,5,0.95,1.71806E+12
522,9,1.72182E+12,256,273.85,1,0.9,1.72114E+12
523,6,1.72172E+12,75,176.38,5,0.63,1.71968E+12
524,5,1.72217E+12,38,245.21,7,0.4,1.72166E+12
525,6,1.71807E+12,123,197.84,5,0.98,1.72155E+12
526,5,1.71861E+12,54,112.24,2,0.96,1.72114E+12
527,1,1.72103E+12,50,114.57,8,0.22,1.72216E+12
528,4,1.71671E+12,75,89.54,10,0.35,1.72225E+12
529,1,1.71547E+12,75,187.82,1,0.23,1.72161E+12
530,2,1.7189E+12,164,200.54,5,0.6,1.71818E+12
531,1,1.71872E+12,32,298.56,7,0.63,1.72228E+12
532,8,1.71996E+12,6,65.75,1,0.05,1.72001E+12
533,8,1.71786E+12,248,272.8,5,0.02,1.72066E+12
534,4,1.71485E+12,152,88.82,8,0.16,1.71959E+12
535,2,1.72156E+12,250,257.24,8,0.35,1.71801E+12
536,4,1.72057E+12,197,180.87,9,0.54,1.71779E+12
537,10,1.72104E+12,129,280.22,2,0.52,1.72111E+12
538,2,1.72026E+12,181,190.14,9,0.23,1.72174E+12
539,4,1.71557E+12,224,95.96,7,0.82,1.72035E+12
540,10,1.72075E+12,271,84.82,4,0.93,1.71861E+12
541,2,1.71825E+12,144,89.72,4,0.15,1.72234E+12
542,7,1.71791E+12,93,131.51,10,0.8,1.72119E+12
543,10,1.71895E+12,242,160.9,2,0.45,1.71954E+12
544,8,1.71955E+12,228,299.75,4,0.52,1.71881E+12
545,8,1.71911E+12,215,160.09,1,0.72,1.72082E+12
546,4,1.72222E+12,229,233.04,10,0.23,1.71947E+12
547,4,1.7165E+12,185,91.55,9,0.8,1.71983E+12
548,8,1.72008E+12,257,218.66,5,0.29,1.72237E+12
549,5,1.71466E+12,144,53.07,10,0.51,1.71938E+12
550,2,1.72173E+12,158,86.19,8,0.15,1.71723E+12
551,6,1.71989E+12,58,30.97,9,0.02,1.71807E+12
552,6,1.71816E+12,102,131,2,0.27,1.72027E+12
553,6,1.71811E+12,142,52.98,3,0.3,1.7203E+12
554,3,1.72053E+12,198,148.44,3,0.47,1.71835E+12
555,4,1.7189E+12,249,70.08,9,0.11,1.72125E+12
556,7,1.71544E+12,187,268.75,8,0.16,1.71734E+12
557,1,1.72212E+12,65,53.92,8,0.44,1.71936E+12
558,10,1.7178E+12,127,222.92,8,0.84,1.72215E+12
559,6,1.721E+12,25,262.86,8,0.89,1.71931E+12
560,5,1.71903E+12,272,148.86,3,0.71,1.72217E+12
561,8,1.71956E+12,154,182.37,6,0.4,1.71832E+12
562,6,1.71791E+12,233,49.73,3,0.36,1.72087E+12
563,5,1.72147E+12,233,258.92,5,0.1,1.71727E+12
564,1,1.71532E+12,249,156.34,7,0.28,1.72177E+12
565,5,1.71589E+12,133,229.17,8,0.06,1.72214E+12
566,2,1.71887E+12,127,262.93,7,0.38,1.71832E+12
567,9,1.71511E+12,44,211.27,1,0.52,1.71972E+12
568,8,1.71786E+12,278,42.89,4,0.13,1.72172E+12
569,2,1.71779E+12,210,154.83,9,0.58,1.71766E+12
570,2,1.71886E+12,198,45.06,3,0.49,1.71745E+12
571,1,1.72079E+12,209,251.05,9,0.83,1.72113E+12
572,4,1.71726E+12,67,234.05,10,0.02,1.71743E+12
573,5,1.71811E+12,44,193.47,1,0.01,1.72224E+12
574,9,1.72133E+12,280,47.72,10,0.19,1.71726E+12
575,4,1.71745E+12,131,11.22,8,0.42,1.71851E+12
576,7,1.71667E+12,264,143.15,3,0.36,1.72122E+12
577,9,1.71961E+12,254,111.98,5,0.92,1.71894E+12
578,8,1.7146E+12,109,84.61,2,0.3,1.72138E+12
579,8,1.71506E+12,99,30.9,8,0.17,1.72058E+12
580,4,1.71783E+12,182,262.11,5,0.92,1.71784E+12
581,10,1.71784E+12,102,221.63,9,0.89,1.71807E+12
582,7,1.72035E+12,142,190.15,7,0.61,1.71891E+12
583,6,1.71774E+12,11,49.74,8,0.92,1.71814E+12
584,3,1.71945E+12,49,149.91,9,0.89,1.72037E+12
585,5,1.72051E+12,152,109.03,2,0.88,1.71724E+12
586,10,1.71638E+12,171,121.71,10,0.91,1.7217E+12
587,8,1.71775E+12,23,173.98,6,0.39,1.72144E+12
588,10,1.7198E+12,146,114.64,5,0.73,1.71875E+12
589,1,1.71933E+12,48,108.26,4,0.78,1.72146E+12
590,2,1.71797E+12,45,213.15,8,0.18,1.72154E+12
591,6,1.72031E+12,239,243.91,2,0.12,1.72009E+12
592,10,1.72197E+12,97,65.48,9,0.04,1.72217E+12
593,3,1.72202E+12,99,232.19,6,0.16,1.72116E+12
594,7,1.72236E+12,18,95.65,8,0.91,1.72071E+12
595,10,1.72013E+12,241,161.41,10,0.62,1.71991E+12
596,3,1.7191E+12,271,265.22,3,0.97,1.71814E+12
597,10,1.71987E+12,148,50.56,9,0.83,1.71848E+12
598,5,1.71732E+12,187,83.05,2,0.38,1.71887E+12
599,5,1.71777E+12,126,51.53,9,0.82,1.72076E+12
600,10,1.71475E+12,58,38.11,9,0.54,1.71725E+12
601,8,1.71774E+12,163,113.91,8,0.95,1.7184E+12
602,7,1.71912E+12,48,141.86,5,0.18,1.71927E+12
603,1,1.71606E+12,271,115.25,5,0.85,1.72058E+12
604,2,1.71999E+12,86,276.49,4,0.23,1.71835E+12
605,5,1.71894E+12,146,192.53,8,0.51,1.71981E+12
606,4,1.71735E+12,246,96.53,1,0.32,1.71965E+12
607,6,1.71879E+12,283,217.84,10,0.8,1.72091E+12
608,9,1.71837E+12,217,26.03,10,0.76,1.71885E+12
609,4,1.72061E+12,71,96.48,7,0.28,1.71869E+12
610,1,1.71487E+12,155,189.22,2,0.02,1.71789E+12
611,3,1.7198E+12,125,211.17,7,0.28,1.72139E+12
612,4,1.71708E+12,105,29.64,5,0.12,1.72034E+12
613,3,1.71471E+12,147,290.85,1,0.77,1.71856E+12
614,8,1.72116E+12,203,247.95,1,0.72,1.71975E+12
615,6,1.71666E+12,183,281.84,10,0.88,1.72092E+12
616,1,1.71831E+12,126,252.91,10,0.59,1.7206E+12
617,5,1.72085E+12,180,54.97,2,0.8,1.71931E+12
618,5,1.71892E+12,11,229.37,7,0.28,1.72048E+12
619,5,1.71469E+12,253,232.61,8,0.64,1.71934E+12
620,1,1.71987E+12,61,185.55,10,0.2,1.71905E+12
621,8,1.71709E+12,50,212.72,5,0.29,1.72071E+12
622,8,1.71697E+12,179,191.54,5,0.25,1.72053E+12
623,5,1.72075E+12,169,297.5,7,0.31,1.71993E+12
624,9,1.71995E+12,300,67.17,2,0.49,1.72173E+12
625,9,1.71741E+12,289,113.03,2,0.27,1.72237E+12
626,4,1.71943E+12,34,271.01,1,0.24,1.72193E+12
627,4,1.72148E+12,283,46.59,4,0.41,1.72073E+12
628,3,1.7185E+12,190,277.48,4,0.72,1.71764E+12
629,8,1.72173E+12,5,123.99,2,0.52,1.72186E+12
630,4,1.72204E+12,28,55.33,7,0.21,1.72063E+12
631,4,1.71603E+12,3,172.02,9,0.8,1.71976E+12
632,5,1.71981E+12,13,245.61,7,0.29,1.72158E+12
633,9,1.72039E+12,269,230.9,5,0.18,1.71904E+12
634,9,1.71613E+12,156,276.15,6,0.02,1.71877E+12
635,10,1.72136E+12,86,60.76,6,0.12,1.72056E+12
636,5,1.72205E+12,239,142.68,2,0.28,1.71911E+12
637,4,1.72137E+12,17,34.54,9,0.8,1.72221E+12
638,1,1.72165E+12,200,78.48,8,0.08,1.71917E+12
639,8,1.71496E+12,81,50.7,7,0.88,1.72172E+12
640,3,1.71683E+12,40,254.38,9,0.61,1.71765E+12
641,10,1.71933E+12,277,293.4,8,0.22,1.71924E+12
642,1,1.71506E+12,2,147.45,10,0.3,1.72206E+12
643,6,1.72069E+12,234,205.06,4,0.3,1.72006E+12
644,8,1.72153E+12,44,97.45,8,0.09,1.71804E+12
645,8,1.71693E+12,96,179.3,3,0.25,1.7218E+12
646,9,1.72088E+12,57,137.37,6,0.22,1.72109E+12
647,2,1.71756E+12,68,128.72,4,0.37,1.72089E+12
648,2,1.72232E+12,170,207.52,7,0.59,1.72033E+12
649,1,1.71817E+12,156,83.98,10,0.51,1.71866E+12
650,8,1.72087E+12,20,270.46,9,0.17,1.71994E+12
651,10,1.71689E+12,62,111.44,6,0.63,1.72079E+12
652,6,1.71483E+12,124,255.09,6,0.45,1.72077E+12
653,6,1.71498E+12,208,151.36,4,0.53,1.72035E+12
654,5,1.71933E+12,239,152.08,1,0.72,1.71977E+12
655,8,1.72101E+12,287,259.28,9,0.82,1.71854E+12
656,8,1.7208E+12,245,293.57,3,0.04,1.72183E+12
657,8,1.71521E+12,153,248.29,2,1,1.72012E+12
658,6,1.7168E+12,30,110.79,10,0.77,1.72178E+12
659,9,1.71564E+12,208,142.54,1,0.19,1.71943E+12
660,4,1.72215E+12,41,124.26,6,0.28,1.71936E+12
661,8,1.72178E+12,284,278.77,3,0.63,1.7178E+12
662,6,1.7215E+12,196,266.8,2,0.77,1.71818E+12
663,5,1.71736E+12,194,170,9,0.2,1.71979E+12
664,3,1.71774E+12,153,118.99,10,0.35,1.7197E+12
665,9,1.71472E+12,120,249.67,9,0.96,1.71858E+12
666,4,1.71882E+12,212,78.03,7,0.43,1.72152E+12
667,1,1.71784E+12,223,34.04,5,0.55,1.72201E+12
668,6,1.71983E+12,89,222.83,8,0.6,1.72006E+12
669,9,1.71683E+12,214,57.55,9,0.4,1.71759E+12
670,5,1.71702E+12,64,76.95,6,0.2,1.72144E+12
671,5,1.71779E+12,125,236.25,1,0.81,1.71864E+12
672,10,1.71691E+12,156,75.03,6,0.36,1.71942E+12
673,10,1.71886E+12,98,53.2,9,0.31,1.71941E+12
674,9,1.71542E+12,66,193.46,7,0.73,1.72198E+12
675,8,1.71477E+12,145,87.21,10,0.76,1.71889E+12
676,8,1.71781E+12,57,138.62,8,0.47,1.71941E+12
677,9,1.72208E+12,93,274.44,9,0.24,1.71849E+12
678,8,1.71728E+12,287,280.85,5,0.64,1.7189E+12
679,2,1.71749E+12,258,80.34,10,0.52,1.72097E+12
680,1,1.72003E+12,105,299.86,9,0.54,1.72003E+12
681,4,1.72085E+12,250,230.88,10,0.49,1.71943E+12
682,9,1.72166E+12,67,42.78,2,0.07,1.7186E+12
683,7,1.71763E+12,42,81.04,5,0.11,1.71785E+12
684,2,1.71875E+12,150,132.49,10,0.08,1.71988E+12
685,2,1.71632E+12,206,119.33,1,0.87,1.71744E+12
686,9,1.71856E+12,220,216.73,8,0.92,1.71888E+12
687,8,1.71934E+12,162,69.89,5,0.02,1.71879E+12
688,9,1.71585E+12,27,256.38,7,0.96,1.72056E+12
689,9,1.72164E+12,91,264.4,3,0.9,1.71866E+12
690,9,1.71725E+12,172,261.61,4,0.19,1.72214E+12
691,3,1.72177E+12,293,75.69,6,0.84,1.71916E+12
692,2,1.71495E+12,22,224.59,3,0.45,1.71767E+12
693,10,1.71814E+12,285,29.62,5,0.7,1.72144E+12
694,7,1.7194E+12,208,136.23,6,0.42,1.71853E+12
695,1,1.72023E+12,297,146.5,10,0.82,1.7172E+12
696,2,1.7179E+12,235,160.61,4,0.16,1.72182E+12
697,5,1.71645E+12,261,148.73,5,0.18,1.72054E+12
698,3,1.7149E+12,101,143.3,6,0.88,1.71882E+12
699,7,1.72137E+12,143,151.55,1,0.75,1.72187E+12
700,8,1.7153E+12,60,99.73,4,0.75,1.71957E+12
701,3,1.71675E+12,225,165.77,9,0.42,1.72167E+12
702,8,1.71546E+12,185,72.09,10,0.68,1.71887E+12
703,2,1.72119E+12,6,12.59,4,0.14,1.72015E+12
704,4,1.71899E+12,7,293.86,8,0.03,1.71861E+12
705,2,1.71715E+12,132,190.01,6,0.39,1.71797E+12
706,9,1.71665E+12,244,237.36,1,0.06,1.72041E+12
707,7,1.71618E+12,157,139.93,10,0.5,1.71746E+12
708,4,1.71767E+12,271,33.2,7,0.91,1.71919E+12
709,5,1.71889E+12,294,225.29,9,0.24,1.72202E+12
710,2,1.72062E+12,112,195.53,4,0.34,1.72091E+12
711,4,1.7212E+12,146,276.27,9,0.2,1.72102E+12
712,8,1.71933E+12,88,198.28,9,0.95,1.7173E+12
713,9,1.71936E+12,173,290.53,7,0.04,1.72194E+12
714,8,1.72077E+12,283,26.89,5,0.64,1.71831E+12
715,3,1.71656E+12,127,189.89,8,0.74,1.72196E+12
716,3,1.71691E+12,2,155.9,2,0.89,1.72209E+12
717,2,1.71971E+12,137,52.75,4,0.65,1.71781E+12
718,10,1.72055E+12,39,37.15,7,0.2,1.71774E+12
719,10,1.72039E+12,188,272.51,6,0.74,1.72054E+12
720,1,1.7149E+12,31,298.45,8,0.22,1.71822E+12
721,6,1.7172E+12,41,155.6,10,0.51,1.72193E+12
722,3,1.72056E+12,136,26.04,4,0.14,1.71813E+12
723,10,1.71576E+12,237,49.36,1,0.7,1.7176E+12
724,6,1.72185E+12,111,297.58,6,0.19,1.72068E+12
725,6,1.71882E+12,188,277.17,7,0.12,1.72062E+12
726,8,1.71827E+12,8,282.21,1,0.74,1.71917E+12
727,5,1.71905E+12,129,110.81,4,0.79,1.72062E+12
728,2,1.71857E+12,197,95.29,10,0.94,1.72129E+12
729,7,1.72113E+12,123,199.27,9,0.06,1.71738E+12
730,3,1.71884E+12,98,258.65,6,0.07,1.71868E+12
731,4,1.71727E+12,36,101.31,2,0.62,1.72134E+12
732,3,1.71996E+12,195,296.87,2,0.55,1.71902E+12
733,4,1.7221E+12,119,236.7,1,0.47,1.71769E+12
734,4,1.71573E+12,283,261.34,3,0.11,1.72025E+12
735,4,1.72234E+12,292,53.93,3,0.28,1.71916E+12
736,7,1.71937E+12,289,221.99,2,0.14,1.71824E+12
737,6,1.7176E+12,160,298.76,1,0.73,1.71983E+12
738,3,1.71925E+12,201,152.72,9,0.82,1.7195E+12
739,2,1.71576E+12,187,160.15,9,0.96,1.72076E+12
740,3,1.71819E+12,256,293.63,3,0.42,1.72095E+12
741,9,1.72008E+12,54,135.28,5,0.52,1.71728E+12
742,7,1.72049E+12,229,107.2,7,0.93,1.72009E+12
743,2,1.72111E+12,224,200.72,3,0.81,1.72103E+12
744,6,1.71671E+12,99,211.62,9,0.47,1.72142E+12
745,9,1.71963E+12,271,215.34,5,0.12,1.71785E+12
746,9,1.71705E+12,143,240.36,7,0.89,1.72058E+12
747,6,1.71701E+12,72,154.69,10,0.74,1.71816E+12
748,8,1.71941E+12,166,123.62,3,0.51,1.72077E+12
749,1,1.7203E+12,170,190.47,4,0.56,1.71806E+12
750,1,1.7188E+12,229,155.56,6,0.9,1.71743E+12
751,2,1.72203E+12,129,82.73,5,0.51,1.71865E+12
752,8,1.72093E+12,220,128.09,6,0.38,1.71946E+12
753,1,1.71619E+12,236,250.44,2,0.18,1.71902E+12
754,8,1.71717E+12,288,207.45,10,0.62,1.72023E+12
755,2,1.71903E+12,267,134.13,3,0.98,1.71812E+12
756,10,1.71728E+12,12,137.38,6,0.1,1.72227E+12
757,9,1.71509E+12,293,283.17,4,0.55,1.71971E+12
758,8,1.72237E+12,279,234.81,10,0.98,1.71816E+12
759,4,1.71947E+12,63,167.5,8,0.54,1.71907E+12
760,10,1.72007E+12,208,227.07,6,0.3,1.71829E+12
761,7,1.72008E+12,274,287.65,9,0.13,1.71864E+12
762,2,1.71976E+12,137,276,9,0.95,1.71927E+12
763,8,1.71907E+12,187,93.69,4,0.74,1.72187E+12
764,10,1.71921E+12,6,144.82,7,0.83,1.71937E+12
765,10,1.72091E+12,177,296.48,8,0.39,1.72023E+12
766,5,1.72216E+12,207,154.95,1,0.88,1.7203E+12
767,1,1.71606E+12,157,201.93,9,0.51,1.72107E+12
768,4,1.71859E+12,232,44.56,1,0.25,1.71979E+12
769,3,1.7179E+12,157,20.47,6,0.6,1.72062E+12
770,9,1.71982E+12,92,138.58,7,0.8,1.72025E+12
771,7,1.72215E+12,195,288.01,9,0.76,1.71826E+12
772,5,1.71549E+12,278,204.95,5,0.45,1.71996E+12
773,6,1.71856E+12,198,159.65,3,0.1,1.71834E+12
774,7,1.71993E+12,146,229.1,6,0.61,1.71939E+12
775,8,1.72141E+12,248,65.94,10,0.57,1.71958E+12
776,10,1.72084E+12,135,158.47,6,0.7,1.71997E+12
777,10,1.71514E+12,253,181.75,2,0.95,1.71772E+12
778,1,1.71832E+12,208,192.63,2,0.39,1.72231E+12
779,7,1.71615E+12,175,34.09,2,0.78,1.72149E+12
780,1,1.71643E+12,10,256.06,6,0.35,1.71745E+12
781,5,1.71492E+12,115,269.05,3,0.67,1.72223E+12
782,4,1.71544E+12,210,236.11,1,0.8,1.72154E+12
783,10,1.71516E+12,268,232.19,3,0.59,1.71811E+12
784,2,1.71825E+12,19,179.99,2,0.5,1.718E+12
785,8,1.7179E+12,117,152.69,6,0.13,1.71814E+12
786,2,1.71929E+12,263,235.66,9,0.73,1.71927E+12
787,5,1.72215E+12,88,154.94,6,0.99,1.71768E+12
788,5,1.71916E+12,163,284.31,4,0.38,1.72016E+12
789,8,1.71563E+12,132,72.64,8,0.95,1.72049E+12
790,10,1.71844E+12,109,146.01,7,0.14,1.72183E+12
791,9,1.71633E+12,221,93.28,3,0.72,1.71855E+12
792,5,1.72059E+12,225,171.17,8,0.7,1.72005E+12
793,3,1.72219E+12,107,76.59,3,0.17,1.72228E+12
794,5,1.71732E+12,233,68.91,3,0.87,1.72024E+12
795,3,1.71454E+12,243,117.58,5,0.09,1.72032E+12
796,6,1.72216E+12,260,269.15,10,0.57,1.72045E+12
797,3,1.71803E+12,289,264.05,9,0.98,1.72088E+12
798,3,1.71622E+12,195,229.2,3,0.56,1.72004E+12
799,1,1.71708E+12,28,22.73,8,0.24,1.71926E+12
800,4,1.72217E+12,71,28.9,4,0.19,1.72182E+12
801,6,1.71529E+12,70,239.12,5,0.55,1.72098E+12
802,2,1.71674E+12,78,133.19,4,0.35,1.71812E+12
803,6,1.71582E+12,87,196.6,3,0.26,1.71944E+12
804,6,1.72064E+12,205,105.67,2,0.38,1.7215E+12
805,8,1.7158E+12,63,125.2,10,0.12,1.72106E+12
806,2,1.71653E+12,167,278.2,10,0.1,1.72066E+12
807,10,1.71627E+12,142,122.42,7,0.09,1.72038E+12
808,3,1.71788E+12,213,151,10,0.85,1.71826E+12
809,4,1.71668E+12,148,229.03,3,0.31,1.72184E+12
810,4,1.72138E+12,224,223.14,6,0.65,1.72008E+12
811,2,1.71659E+12,34,24.75,8,0.75,1.71945E+12
812,8,1.71633E+12,269,120.04,6,0.76,1.7217E+12
813,10,1.71646E+12,292,271.12,3,0.41,1.71979E+12
814,3,1.72096E+12,162,94,7,0.52,1.72088E+12
815,9,1.72021E+12,298,273.45,2,0.22,1.71789E+12
816,8,1.71768E+12,104,132.74,10,0.69,1.72214E+12
817,6,1.71605E+12,62,157.53,5,0.97,1.71942E+12
818,10,1.71851E+12,122,166.62,5,0.14,1.71821E+12
819,4,1.72199E+12,151,158.33,5,0.18,1.71787E+12
820,7,1.71487E+12,25,27.1,5,0.94,1.71924E+12
821,2,1.72049E+12,295,190.04,1,0.96,1.72179E+12
822,1,1.71589E+12,29,258.21,7,0.97,1.72054E+12
823,6,1.72036E+12,165,296.72,6,0.34,1.71856E+12
824,6,1.71574E+12,159,195.48,2,0.34,1.72003E+12
825,6,1.71883E+12,106,246.49,10,0.53,1.71955E+12
826,8,1.71847E+12,112,183.09,4,0.91,1.71729E+12
827,9,1.71561E+12,207,142.04,7,0.86,1.71905E+12
828,9,1.71738E+12,167,259.53,1,1,1.71997E+12
829,6,1.72168E+12,216,57.32,6,0.54,1.71835E+12
830,3,1.71862E+12,226,267.16,4,0.11,1.71984E+12
831,5,1.72108E+12,95,193.67,1,0.96,1.72127E+12
832,2,1.71984E+12,264,180.52,2,0.41,1.72227E+12
833,6,1.71887E+12,150,89.58,8,0.19,1.72006E+12
834,4,1.71863E+12,181,219.07,9,0.97,1.71831E+12
835,7,1.71753E+12,220,150.8,1,0.77,1.71721E+12
836,9,1.71613E+12,200,193.95,5,0.56,1.71727E+12
837,6,1.72217E+12,263,182.02,4,0.27,1.72121E+12
838,9,1.72184E+12,195,52.31,9,0.01,1.71824E+12
839,3,1.72006E+12,126,251.75,8,0.78,1.72203E+12
840,10,1.71578E+12,286,212.75,3,0.48,1.71877E+12
841,4,1.71734E+12,81,162.59,6,0.26,1.7204E+12
842,2,1.72162E+12,53,203.1,7,0.02,1.72023E+12
843,1,1.71913E+12,164,273.45,6,0.98,1.72063E+12
844,2,1.71995E+12,244,88.26,3,0.24,1.71813E+12
845,6,1.71736E+12,134,97.1,7,0.34,1.72066E+12
846,6,1.72129E+12,276,114.54,3,0.27,1.71792E+12
847,2,1.71893E+12,30,45.74,8,0.96,1.7191E+12
848,10,1.71814E+12,54,59.87,1,0.05,1.71805E+12
849,6,1.71597E+12,230,168.99,5,0.07,1.72173E+12
850,9,1.72078E+12,201,241.87,4,0.31,1.72059E+12
851,8,1.71722E+12,169,95.06,10,0.14,1.72221E+12
852,7,1.72223E+12,154,198.02,9,0.44,1.7204E+12
853,9,1.71613E+12,111,21.79,8,0.63,1.71843E+12
854,10,1.7178E+12,72,113.22,2,0.79,1.72186E+12
855,10,1.71611E+12,85,156.9,6,0.03,1.72048E+12
856,4,1.72051E+12,155,160.4,8,0.69,1.71915E+12
857,8,1.71553E+12,155,153.22,6,0.24,1.72233E+12
858,6,1.72043E+12,52,264.77,8,0.67,1.7203E+12
859,2,1.71953E+12,29,268.85,2,0.7,1.72019E+12
860,8,1.71467E+12,16,22.89,4,0.89,1.71958E+12
861,8,1.71492E+12,263,68.78,8,0.99,1.72107E+12
862,1,1.71721E+12,40,240.05,5,0.59,1.72188E+12
863,4,1.71817E+12,299,170.91,10,0.51,1.72043E+12
864,8,1.71994E+12,203,203.9,3,0.96,1.71833E+12
865,9,1.71807E+12,65,273.85,1,0.54,1.71845E+12
866,5,1.71896E+12,128,240.73,3,0.66,1.7191E+12
867,5,1.71802E+12,182,129.6,5,0.83,1.7208E+12
868,3,1.71653E+12,168,48.39,8,0.48,1.72048E+12
869,7,1.72096E+12,45,104.67,3,0.3,1.72006E+12
870,9,1.71904E+12,23,146.86,4,0.19,1.71981E+12
871,9,1.718E+12,177,137.52,1,0.85,1.7174E+12
872,8,1.71796E+12,214,281.74,8,0.33,1.72041E+12
873,7,1.7192E+12,117,171.13,2,0.39,1.72184E+12
874,2,1.71485E+12,198,79.76,2,0.2,1.72013E+12
875,4,1.71712E+12,265,25.94,10,0.99,1.72161E+12
876,5,1.71465E+12,204,74.43,8,0.11,1.72011E+12
877,7,1.71655E+12,155,177.86,8,0.76,1.71999E+12
878,7,1.71899E+12,122,58.54,6,0.3,1.72011E+12
879,6,1.71619E+12,198,41.84,9,0.28,1.72206E+12
880,7,1.72068E+12,214,57.42,8,0.31,1.72166E+12
881,5,1.71705E+12,177,197.43,4,0.36,1.72036E+12
882,3,1.72099E+12,216,199.73,4,0.42,1.72204E+12
883,2,1.71512E+12,276,19.41,8,0.18,1.71884E+12
884,6,1.71539E+12,226,243.43,2,0.04,1.71729E+12
885,9,1.71668E+12,12,224.4,9,0.58,1.72142E+12
886,6,1.71815E+12,151,163.95,8,0.86,1.71955E+12
887,6,1.7213E+12,270,132.18,10,0.35,1.71997E+12
888,9,1.71986E+12,286,90.62,7,0.91,1.7201E+12
889,6,1.71632E+12,51,163.78,2,0.48,1.71862E+12
890,4,1.71495E+12,120,196.24,3,0.11,1.72158E+12
891,10,1.71707E+12,168,87.88,9,0.57,1.72222E+12
892,4,1.72237E+12,295,164.7,1,0.23,1.71969E+12
893,2,1.71475E+12,203,127.1,6,0.74,1.71905E+12
894,1,1.71583E+12,287,10.24,5,0.09,1.71926E+12
895,8,1.71867E+12,151,63.53,2,0.7,1.71877E+12
896,1,1.71849E+12,114,272.54,8,0.74,1.72198E+12
897,2,1.71994E+12,54,225.4,10,0.71,1.72151E+12
898,2,1.7213E+12,77,178.61,1,0.74,1.72184E+12
899,7,1.721E+12,234,250.34,9,0.47,1.71886E+12
900,2,1.71762E+12,216,59.61,5,0.92,1.71747E+12
901,8,1.71645E+12,163,113.01,9,0.12,1.72167E+12
902,3,1.71996E+12,66,213.21,2,0.73,1.72123E+12
903,6,1.71782E+12,101,47.21,8,0.19,1.71836E+12
904,5,1.71965E+12,235,230.89,4,0.99,1.72109E+12
905,4,1.71654E+12,176,206.57,6,0.12,1.71782E+12
906,9,1.71789E+12,156,226.71,6,0.74,1.7222E+12
907,8,1.72208E+12,36,256.48,10,0.76,1.71899E+12
908,4,1.71935E+12,97,50.15,2,0.63,1.71759E+12
909,2,1.72025E+12,168,41.3,6,0.81,1.72231E+12
910,5,1.71687E+12,116,47.08,9,0.46,1.7219E+12
911,8,1.71503E+12,257,293.15,8,0.8,1.71957E+12
912,2,1.71805E+12,164,281.86,2,0.72,1.72125E+12
913,9,1.72032E+12,291,224.94,9,0.74,1.71841E+12
914,6,1.71631E+12,197,45.72,10,0.52,1.72051E+12
915,1,1.71825E+12,248,268.93,8,0.08,1.71943E+12
916,1,1.72021E+12,164,196.13,4,0.61,1.71957E+12
917,9,1.7219E+12,75,120.53,10,0.87,1.71893E+12
918,5,1.71986E+12,195,214.76,10,0.52,1.71996E+12
919,1,1.71677E+12,220,100.78,10,0.18,1.71846E+12
920,4,1.72172E+12,209,178.7,1,0.2,1.71753E+12
921,9,1.71937E+12,177,155.43,4,0.66,1.7172E+12
922,3,1.71979E+12,16,75.41,4,0.58,1.72176E+12
923,8,1.71571E+12,249,246.91,6,0.76,1.71804E+12
924,4,1.71653E+12,50,28.88,8,0.56,1.71869E+12
925,10,1.72229E+12,269,16.16,7,0.16,1.72157E+12
926,3,1.71803E+12,206,115.71,10,0.19,1.71876E+12
927,5,1.72127E+12,215,248.37,3,0.81,1.72033E+12
928,6,1.71697E+12,118,106.25,2,0.47,1.72002E+12
929,10,1.72028E+12,42,77.56,8,0.41,1.71797E+12
930,1,1.71931E+12,169,216.73,4,0.72,1.72125E+12
931,3,1.71494E+12,42,66.77,3,0.86,1.7185E+12
932,2,1.71919E+12,280,288.21,5,0.85,1.71852E+12
933,7,1.7221E+12,133,85.53,5,0.13,1.7192E+12
934,2,1.71663E+12,124,113.24,4,0.98,1.72169E+12
935,3,1.7183E+12,155,267.99,1,0.52,1.7218E+12
936,9,1.71735E+12,141,67.81,3,0.48,1.71778E+12
937,9,1.71844E+12,287,99.85,9,0.79,1.72077E+12
938,6,1.72132E+12,208,141.94,4,0.42,1.72028E+12
939,7,1.71975E+12,70,204.52,10,0.79,1.71852E+12
940,8,1.7197E+12,217,130.01,6,0.32,1.71762E+12
941,8,1.71769E+12,244,241.9,5,0.4,1.71721E+12
942,4,1.71819E+12,161,218.67,6,0.65,1.72162E+12
943,9,1.71947E+12,23,31.69,10,0.65,1.72065E+12
944,9,1.71541E+12,57,228.01,3,0.15,1.72107E+12
945,6,1.71545E+12,58,69.97,6,0.56,1.72208E+12
946,9,1.7184E+12,229,182.44,2,0.46,1.72201E+12
947,7,1.71776E+12,253,298.75,1,0.24,1.71774E+12
948,1,1.71469E+12,42,31.94,10,0.53,1.7222E+12
949,3,1.71725E+12,95,101.25,7,0.22,1.72068E+12
950,10,1.71981E+12,170,142.04,3,0.52,1.72133E+12
951,9,1.72012E+12,99,28.67,6,0.58,1.71788E+12
952,3,1.7153E+12,265,116.21,9,0.61,1.72126E+12
953,4,1.7213E+12,98,15.21,7,0.66,1.72071E+12
954,5,1.71618E+12,71,202.01,10,0.42,1.71949E+12
955,8,1.71655E+12,141,298.2,8,0.74,1.72201E+12
956,7,1.71704E+12,141,173.65,10,1,1.71775E+12
957,2,1.72227E+12,296,148.21,4,0.54,1.7211E+12
958,6,1.7148E+12,255,150.47,9,0.4,1.71815E+12
959,3,1.71705E+12,15,67.73,10,0.23,1.71996E+12
960,6,1.71522E+12,287,59.31,9,0.83,1.71887E+12
961,9,1.7195E+12,263,151.77,10,0.77,1.72207E+12
962,8,1.71872E+12,282,287.47,6,0.74,1.71875E+12
963,6,1.72107E+12,157,101.45,5,0.18,1.72235E+12
964,10,1.71983E+12,105,177.77,5,0.68,1.71735E+12
965,6,1.72153E+12,295,287.63,9,0.88,1.71825E+12
966,8,1.71638E+12,138,255.8,6,0.25,1.72237E+12
967,4,1.71635E+12,177,177.61,6,0.79,1.71969E+12
968,8,1.72149E+12,67,99.76,6,0.34,1.7178E+12
969,1,1.71614E+12,296,265.46,1,0.99,1.72211E+12
970,1,1.71985E+12,139,24.58,9,0.02,1.71968E+12
971,3,1.7154E+12,168,203.2,3,0.06,1.71736E+12
972,3,1.7161E+12,74,140.35,7,0.13,1.72055E+12
973,4,1.72049E+12,294,240.83,5,0.21,1.71745E+12
974,1,1.71758E+12,261,88.1,8,0.09,1.71989E+12
975,4,1.71888E+12,183,54.78,8,0.41,1.72107E+12
976,8,1.72004E+12,292,218.74,1,0.91,1.72048E+12
977,3,1.71738E+12,161,32.62,6,0.7,1.71945E+12
978,9,1.7223E+12,230,131.1,10,0.93,1.72028E+12
979,4,1.71755E+12,278,262.05,1,0.54,1.718E+12
980,8,1.72102E+12,155,281.77,3,0.95,1.71909E+12
981,6,1.71857E+12,210,263.38,1,0.92,1.71769E+12
982,9,1.71554E+12,109,137.01,6,0.59,1.71749E+12
983,8,1.71919E+12,79,64.78,4,0.56,1.71842E+12
984,10,1.71779E+12,130,40.69,5,0.89,1.72117E+12
985,6,1.71992E+12,300,217.33,8,0.33,1.72221E+12
986,8,1.7196E+12,268,68.5,5,0.15,1.71735E+12
987,10,1.71675E+12,191,158.86,5,0.9,1.72178E+12
988,7,1.71537E+12,84,79.55,2,0.12,1.71723E+12
989,8,1.71995E+12,113,294.23,2,0.03,1.71897E+12
990,3,1.71977E+12,298,189.38,5,0.14,1.71763E+12
991,3,1.71855E+12,218,114.18,10,0.25,1.71749E+12
992,8,1.7157E+12,270,159.36,3,0.99,1.72176E+12
993,7,1.71889E+12,296,263.51,6,0.06,1.71885E+12
994,3,1.71493E+12,173,29.27,4,0.89,1.71754E+12
995,10,1.7205E+12,7,200.88,4,0.36,1.72158E+12
996,5,1.72047E+12,47,239.21,6,0.43,1.71728E+12
997,10,1.71572E+12,23,24.57,6,0.42,1.72195E+12
1,4,1.71757E+12,264,24.34,5,0.69,1.71918E+12
2,4,1.71533E+12,181,176.83,2,0.4,1.72137E+12
3,1,1.71567E+12,190,133.02,10,0.75,1.71972E+12
4,2,1.72057E+12,241,151.69,8,0.04,1.71987E+12
5,10,1.72083E+12,229,118.62,5,0.34,1.72189E+12
6,7,1.71541E+12,283,231.25,1,0.39,1.71847E+12
7,3,1.72095E+12,73,82.44,9,0.26,1.71784E+12
8,7,1.71697E+12,263,51.79,1,0.57,1.72131E+12
9,6,1.71752E+12,236,198.18,4,0.14,1.72119E+12
10,6,1.7165E+12,69,190.88,1,0.94,1.72103E+12
11,8,1.71454E+12,62,262.74,9,0.97,1.7198E+12
12,2,1.71618E+12,184,250.76,2,0.14,1.72065E+12
13,3,1.72088E+12,119,185.28,4,0.86,1.71946E+12
14,4,1.71701E+12,83,215.73,5,0.65,1.71916E+12
15,1,1.71785E+12,228,11.37,3,0.71,1.71745E+12
16,4,1.71785E+12,84,169.32,4,0.88,1.72152E+12
17,3,1.71617E+12,271,157.28,7,0.81,1.72132E+12
18,8,1.72183E+12,82,282.43,10,0.74,1.71933E+12
19,1,1.71775E+12,297,92.85,9,0.87,1.71854E+12
20,4,1.71667E+12,11,178.08,10,0.58,1.71949E+12
21,1,1.7182E+12,214,179.27,6,0.91,1.72001E+12
22,8,1.71707E+12,105,55.03,9,0.89,1.71783E+12
23,4,1.71611E+12,230,91.76,6,0.99,1.71925E+12
24,8,1.71509E+12,237,89.55,9,0.91,1.71969E+12
25,7,1.71873E+12,8,71.93,2,0.5,1.72003E+12
26,8,1.7169E+12,3,185.81,2,0.39,1.71836E+12
27,7,1.71529E+12,70,109.83,7,0.9,1.71872E+12
28,5,1.71603E+12,142,188.64,3,0.1,1.7187E+12
29,7,1.72057E+12,104,262.79,9,0.65,1.72018E+12
30,1,1.71476E+12,45,186.5,8,0.15,1.71833E+12
31,4,1.71663E+12,296,134.11,9,0.1,1.71783E+12
32,3,1.71898E+12,150,109.25,2,0.21,1.7184E+12
33,2,1.7181E+12,40,120.59,8,0.32,1.72128E+12
34,7,1.7214E+12,70,294.01,8,0.38,1.71857E+12
35,9,1.72187E+12,249,260.47,5,0.54,1.71972E+12
36,10,1.71929E+12,67,283.87,8,0.32,1.71822E+12
37,6,1.71914E+12,264,18.34,6,0.82,1.71921E+12
38,2,1.71595E+12,241,118.24,7,0.93,1.71891E+12
39,3,1.72198E+12,208,83.98,5,0.87,1.7205E+12
40,8,1.71647E+12,203,235.35,3,0.69,1.71925E+12
41,10,1.71818E+12,291,219.84,7,0.1,1.71736E+12
42,1,1.71535E+12,67,160.18,10,0.28,1.71863E+12
43,7,1.7152E+12,146,51.77,10,0.7,1.7177E+12
44,1,1.71975E+12,233,284.26,7,0.84,1.7191E+12
45,8,1.71825E+12,86,261.7,1,0.62,1.72016E+12
46,4,1.71949E+12,184,262.37,4,0.7,1.72178E+12
47,7,1.71751E+12,132,138.8,9,0.21,1.71808E+12
48,6,1.72125E+12,151,144.21,3,0.32,1.72107E+12
49,9,1.71527E+12,226,176.8,4,0.07,1.72067E+12
50,8,1.71668E+12,161,119.17,7,0.95,1.72195E+12
51,7,1.71749E+12,128,146.65,1,0.36,1.71812E+12
52,3,1.71993E+12,69,250.81,1,0.16,1.72173E+12
53,10,1.71738E+12,165,296.27,4,0.04,1.72016E+12
54,9,1.71738E+12,276,179.2,1,0.97,1.72012E+12
55,8,1.72234E+12,94,178.4,10,0.18,1.71789E+12
56,9,1.71925E+12,36,37.95,9,0.26,1.71841E+12
57,5,1.71869E+12,81,13.78,6,0.7,1.72194E+12
58,8,1.71827E+12,127,210.14,3,0.63,1.72E+12
59,3,1.72221E+12,27,197.09,9,0.77,1.72219E+12
60,6,1.72087E+12,74,268.7,8,0.63,1.71818E+12
61,1,1.71913E+12,131,134.16,6,0.05,1.71962E+12
62,5,1.71693E+12,4,58.66,9,0.71,1.71978E+12
63,1,1.71994E+12,222,231.19,10,0.7,1.71836E+12
64,10,1.72197E+12,35,76.58,8,0.86,1.71811E+12
65,7,1.71662E+12,200,86.69,9,0.59,1.72163E+12
66,9,1.72119E+12,58,41.99,4,0.98,1.72019E+12
67,8,1.718E+12,13,197.34,6,0.12,1.7181E+12
68,5,1.71907E+12,173,192.7,9,0.24,1.7179E+12
69,4,1.71498E+12,219,154.12,8,0.51,1.72052E+12
70,7,1.71654E+12,219,118.34,4,0.71,1.72167E+12
71,8,1.72027E+12,56,296.64,6,0.05,1.72146E+12
72,5,1.71566E+12,25,135.24,7,0.95,1.71961E+12
73,6,1.71645E+12,80,288.12,2,0.86,1.71768E+12
74,10,1.71927E+12,110,73.23,7,0.41,1.72053E+12
75,9,1.71854E+12,71,117.95,8,0.2,1.71869E+12
76,10,1.71944E+12,2,239.16,7,0.53,1.71946E+12
77,3,1.71891E+12,163,34.17,6,0.5,1.71777E+12
78,1,1.71986E+12,138,79.84,8,0.16,1.71737E+12
79,5,1.71676E+12,298,274.67,4,0.21,1.72177E+12
80,9,1.71815E+12,30,260.22,5,0.83,1.71967E+12
81,6,1.72111E+12,1,132.27,8,0.64,1.72068E+12
82,9,1.72174E+12,281,187.19,7,0.01,1.71927E+12
83,6,1.71906E+12,189,165.27,2,0.5,1.72207E+12
84,5,1.71786E+12,240,160.63,1,0.83,1.72146E+12
85,4,1.71486E+12,207,219.42,10,0.31,1.71999E+12
86,8,1.71734E+12,34,166.79,4,0.81,1.72147E+12
87,2,1.71655E+12,120,96.52,1,0.31,1.72191E+12
88,6,1.71648E+12,17,249.28,5,0.59,1.71992E+12
89,9,1.71971E+12,56,158.47,3,0.72,1.72145E+12
90,5,1.72234E+12,294,82.6,5,0.5,1.71835E+12
91,5,1.71676E+12,193,226.19,8,0.35,1.72101E+12
92,7,1.71807E+12,179,210.5,3,0.41,1.71903E+12
93,4,1.72012E+12,180,151.94,8,0.87,1.71912E+12
94,3,1.71534E+12,13,47.22,10,0.12,1.71877E+12
95,8,1.72189E+12,5,155.23,10,0.75,1.71871E+12
96,2,1.71755E+12,277,280.99,10,0.57,1.72067E+12
97,10,1.71674E+12,27,176.49,10,0.39,1.71996E+12
98,7,1.71797E+12,178,32.39,10,0.71,1.72131E+12
99,2,1.72151E+12,28,59.4,7,0.23,1.71848E+12
100,5,1.71731E+12,252,225.49,4,0.88,1.71847E+12
101,8,1.71625E+12,217,250.84,9,0.88,1.71808E+12
102,9,1.71902E+12,213,217.92,8,0.1,1.71844E+12
103,9,1.72124E+12,263,240.19,4,0.93,1.71875E+12
104,2,1.71916E+12,14,45.56,5,0.62,1.71896E+12
105,6,1.72225E+12,174,48.71,6,0.31,1.72175E+12
106,8,1.72044E+12,51,298.65,5,1,1.71852E+12
107,8,1.71701E+12,181,34.01,7,0.63,1.71803E+12
108,10,1.71956E+12,242,46.07,3,0.26,1.71825E+12
109,6,1.71457E+12,87,189.95,10,0.32,1.71887E+12
110,1,1.72011E+12,101,33.98,10,0.7,1.71749E+12
111,8,1.71513E+12,59,61.01,1,0.63,1.71871E+12
112,10,1.71791E+12,267,10.74,6,0.93,1.72158E+12
113,7,1.71633E+12,131,266.51,5,0.24,1.72114E+12
114,6,1.71616E+12,217,99.05,5,0.94,1.72058E+12
115,2,1.71861E+12,280,202.5,6,0.63,1.71921E+12
116,5,1.7222E+12,51,214.46,1,0.63,1.71947E+12
117,8,1.71885E+12,193,66.75,5,0.36,1.71929E+12
118,3,1.71788E+12,285,253.92,6,0.8,1.71815E+12
119,6,1.71555E+12,185,279.62,10,0.5,1.71992E+12
120,10,1.72004E+12,63,198.94,4,0.4,1.72006E+12
121,7,1.71646E+12,147,118.13,1,0.22,1.7174E+12
122,9,1.71898E+12,169,86.93,6,0.25,1.7173E+12
123,6,1.71554E+12,61,221.15,7,0.58,1.72212E+12
124,7,1.71985E+12,83,15.17,10,0.6,1.72229E+12
125,8,1.71488E+12,199,195.05,4,0.07,1.72234E+12
126,9,1.71837E+12,177,216.44,3,0.42,1.71788E+12
127,6,1.7181E+12,54,176.91,4,0.61,1.72088E+12
128,1,1.71748E+12,14,210.23,5,0.65,1.722E+12
129,8,1.71509E+12,137,78.31,5,0.99,1.72048E+12
130,8,1.72003E+12,243,215.94,7,0.06,1.7197E+12
131,9,1.72188E+12,123,67.36,1,0.22,1.71829E+12
132,6,1.71759E+12,124,81.44,6,0.95,1.71818E+12
133,4,1.71892E+12,33,13.05,6,0.19,1.71938E+12
134,5,1.72008E+12,255,280.42,10,0.78,1.72209E+12
135,3,1.72221E+12,202,176.22,1,0.34,1.71854E+12
136,3,1.71883E+12,161,155.51,6,0.05,1.7223E+12
137,2,1.71611E+12,290,177.78,10,0.91,1.7204E+12
138,4,1.71955E+12,224,66.53,7,0.61,1.72038E+12
139,6,1.71715E+12,47,144.75,10,0.14,1.72225E+12
140,7,1.71973E+12,298,158.76,10,1,1.72055E+12
141,4,1.71931E+12,240,162.56,1,0.44,1.7207E+12
142,1,1.72083E+12,43,208.29,7,0.29,1.71879E+12
143,9,1.71885E+12,201,23.27,7,0.11,1.71984E+12
144,8,1.71747E+12,262,113.22,8,0.96,1.71974E+12
145,8,1.7151E+12,254,289.31,10,0.57,1.71924E+12
146,2,1.71882E+12,264,270.13,2,0.8,1.71932E+12
147,1,1.7176E+12,291,164.21,7,0.05,1.71865E+12
148,1,1.72207E+12,162,209.24,1,0.96,1.72161E+12
149,8,1.72176E+12,228,15.42,2,0.24,1.71846E+12
150,5,1.71696E+12,151,115.71,1,0.08,1.71789E+12
151,3,1.71709E+12,194,251.89,8,0.68,1.7173E+12
152,6,1.71551E+12,95,218.71,10,0.54,1.71884E+12
153,5,1.71787E+12,172,191.01,4,0.51,1.72172E+12
154,3,1.71517E+12,102,289.03,5,0.52,1.72081E+12
155,1,1.72129E+12,33,77.33,5,0.26,1.71985E+12
156,6,1.71848E+12,271,67.46,2,0,1.71761E+12
157,10,1.7223E+12,229,35.77,2,0.87,1.72096E+12
158,8,1.71902E+12,33,52.95,3,0.94,1.72059E+12
159,3,1.71993E+12,110,36.93,3,0.81,1.71773E+12
160,6,1.71753E+12,186,150.32,7,0.44,1.72044E+12
161,7,1.72132E+12,179,103.96,2,0.1,1.71795E+12
162,10,1.71685E+12,198,158.49,10,0.3,1.72131E+12
163,9,1.71537E+12,60,26.8,4,0.8,1.72129E+12
164,6,1.72205E+12,157,286.69,6,0.93,1.71739E+12
165,1,1.72231E+12,291,123.52,7,0.66,1.72109E+12
166,6,1.71916E+12,293,255.14,2,0.86,1.72134E+12
167,1,1.72096E+12,49,37.89,8,0.9,1.71798E+12
168,4,1.71874E+12,22,292.47,2,0.77,1.72074E+12
169,9,1.72029E+12,210,21.76,2,0.34,1.72034E+12
170,9,1.71699E+12,10,49.43,8,0.38,1.71879E+12
171,9,1.71874E+12,268,49.31,6,0.71,1.72023E+12
172,3,1.7146E+12,123,134.04,3,0.92,1.71871E+12
173,3,1.72215E+12,172,221.02,6,0.81,1.72214E+12
174,4,1.71509E+12,102,231.16,6,0.54,1.71789E+12
175,8,1.71969E+12,73,23.24,5,0.88,1.72149E+12
176,3,1.72227E+12,288,98.93,3,0.89,1.72219E+12
177,9,1.72235E+12,221,92.46,3,0.61,1.71746E+12
178,3,1.71558E+12,276,94.01,8,0.02,1.71775E+12
179,8,1.72157E+12,145,92.78,10,0.55,1.71799E+12
180,1,1.71791E+12,124,121.97,10,0.72,1.72148E+12
181,2,1.72012E+12,216,152.31,3,0.96,1.71817E+12
182,6,1.7155E+12,93,240.83,6,0.14,1.71762E+12
183,3,1.72202E+12,129,168.45,9,0.72,1.72119E+12
184,10,1.7196E+12,285,117.74,7,0.2,1.72198E+12
185,8,1.71649E+12,141,167.25,10,0.56,1.71859E+12
186,9,1.72034E+12,264,156.49,7,0.01,1.71756E+12
187,3,1.71602E+12,98,247.58,1,0.33,1.72236E+12
188,8,1.71529E+12,172,203.3,10,0.15,1.7188E+12
189,8,1.71693E+12,56,157.41,4,0.59,1.72175E+12
190,10,1.72185E+12,172,95.11,5,0.16,1.71721E+12
191,2,1.71825E+12,44,280.8,8,0.85,1.71769E+12
192,7,1.71638E+12,265,66.85,8,0.41,1.71836E+12
193,5,1.71611E+12,178,222.68,3,0.92,1.72119E+12
194,1,1.72038E+12,200,201.23,3,0.81,1.72196E+12
195,6,1.72108E+12,119,176.83,4,0.26,1.71871E+12
196,1,1.72024E+12,293,65.44,6,0.34,1.71768E+12
197,1,1.71767E+12,21,22.84,2,0.85,1.71849E+12
198,9,1.72077E+12,101,260.89,4,0.26,1.7176E+12
199,7,1.71846E+12,220,114.68,2,0.48,1.71814E+12
200,8,1.71939E+12,185,51.71,1,0.08,1.72167E+12
201,3,1.71617E+12,204,184.82,5,0.69,1.7215E+12
202,6,1.71794E+12,265,250.63,9,0.22,1.71796E+12
203,10,1.71632E+12,47,150.1,6,0.87,1.71882E+12
204,10,1.71517E+12,293,272.19,1,0.47,1.7193E+12
205,1,1.71963E+12,68,89.77,5,0.97,1.71853E+12
206,7,1.72061E+12,54,133.35,8,0.22,1.71812E+12
207,6,1.71958E+12,188,260.66,1,0.91,1.71974E+12
208,3,1.71784E+12,2,135.34,6,0.87,1.72183E+12
209,6,1.72125E+12,22,190,7,0.76,1.71934E+12
210,5,1.7165E+12,98,176.67,4,0.61,1.71756E+12
211,2,1.71688E+12,133,120,4,0.85,1.71974E+12
212,10,1.71556E+12,236,126.86,9,0.38,1.71729E+12
213,10,1.72221E+12,229,224.06,4,0.27,1.71814E+12
214,9,1.72078E+12,85,94.27,6,0.34,1.72175E+12
215,6,1.71817E+12,235,40.68,2,0.83,1.71784E+12
216,8,1.71629E+12,12,278.58,4,0.33,1.71751E+12
217,8,1.71564E+12,175,79.57,6,0.72,1.72228E+12
218,5,1.7153E+12,52,165.31,1,0.76,1.71765E+12
219,6,1.72125E+12,205,64.02,10,0.84,1.72156E+12
220,8,1.72118E+12,85,71.68,5,0.75,1.72133E+12
221,1,1.7158E+12,249,298.27,8,0.96,1.71927E+12
222,4,1.71954E+12,249,261.63,4,0.67,1.72014E+12
223,8,1.7206E+12,147,262.21,6,0.85,1.71775E+12
224,6,1.72076E+12,76,147.84,2,0.77,1.71842E+12
225,4,1.71667E+12,6,184.14,3,0.51,1.72181E+12
226,7,1.71493E+12,279,214.29,8,0.3,1.71827E+12
227,3,1.72162E+12,252,111.42,5,0.36,1.71817E+12
228,9,1.71735E+12,32,47.04,1,0.8,1.72115E+12
229,5,1.71467E+12,153,244.24,7,0.36,1.71743E+12
230,10,1.7195E+12,199,53.4,6,0.37,1.71915E+12
231,8,1.72024E+12,45,264.15,3,0.28,1.71928E+12
232,1,1.71664E+12,166,146.52,9,0.81,1.72138E+12
233,6,1.71654E+12,171,138.74,4,0.36,1.71722E+12
234,3,1.72045E+12,161,36.63,2,0.67,1.72139E+12
235,9,1.71999E+12,72,31.74,4,0.26,1.71804E+12
236,2,1.71491E+12,279,184.46,7,0.94,1.7221E+12
237,5,1.72027E+12,251,113.06,6,0.73,1.72217E+12
238,8,1.71975E+12,236,65.47,7,0.37,1.71815E+12
239,6,1.72134E+12,4,19.4,8,0.34,1.71752E+12
240,8,1.71513E+12,143,78.64,5,0.53,1.72185E+12
241,5,1.71681E+12,296,206.93,7,0.08,1.71763E+12
242,1,1.72079E+12,91,273.73,5,0.16,1.72148E+12
243,9,1.71797E+12,233,67.09,4,0.81,1.71739E+12
244,2,1.71763E+12,92,150.02,3,0.97,1.72016E+12
245,1,1.72072E+12,234,119.21,6,0.48,1.719E+12
246,8,1.72127E+12,39,261.58,8,0.58,1.71881E+12
247,10,1.71979E+12,221,82.77,5,0.63,1.71839E+12
248,4,1.72125E+12,255,47.32,9,0.79,1.72155E+12
249,1,1.72226E+12,171,89.1,3,0.01,1.71892E+12
250,2,1.71866E+12,256,282.99,6,0.04,1.71754E+12
251,6,1.72202E+12,186,57.35,3,0.16,1.72147E+12
252,3,1.71921E+12,183,206.92,6,0.78,1.72014E+12
253,10,1.72233E+12,134,128.18,1,0.75,1.72002E+12
254,7,1.71861E+12,9,209.45,7,0.61,1.71968E+12
255,5,1.71485E+12,53,205.3,4,0.53,1.7193E+12
256,3,1.71833E+12,216,88.07,8,0.22,1.7187E+12
257,10,1.72169E+12,287,61.61,8,0.7,1.72123E+12
258,10,1.71654E+12,269,124.19,10,0.72,1.71865E+12
259,1,1.71551E+12,46,180.32,7,0.9,1.7186E+12
260,7,1.71671E+12,236,29.03,4,0.96,1.72187E+12
261,1,1.72129E+12,65,115.87,4,0.6,1.71873E+12
262,10,1.71864E+12,279,24.24,8,0.66,1.71837E+12
263,1,1.72205E+12,208,207.63,3,0.79,1.71906E+12
264,5,1.72159E+12,104,282.91,4,0.75,1.72161E+12
265,9,1.72112E+12,113,245.69,6,0.83,1.72141E+12
266,6,1.71699E+12,235,62.3,7,0.79,1.71858E+12
267,4,1.71918E+12,64,75.09,7,0.52,1.72078E+12
268,5,1.7175E+12,103,104.22,6,0.91,1.72214E+12
269,7,1.71455E+12,106,153.54,8,0.83,1.72138E+12
270,3,1.71555E+12,26,42.09,9,0.02,1.72001E+12
271,6,1.71689E+12,237,116.98,4,0.41,1.72076E+12
272,3,1.72002E+12,11,160.06,8,0.32,1.71877E+12
273,4,1.71891E+12,25,22.39,9,0.41,1.7206E+12
274,6,1.71656E+12,286,109.87,5,0.18,1.71737E+12
275,9,1.71651E+12,252,191.37,5,0.47,1.71841E+12
276,6,1.71677E+12,82,40.5,3,0.24,1.72073E+12
277,10,1.71859E+12,112,49.26,6,0.08,1.72107E+12
278,5,1.7217E+12,51,230.64,10,0.61,1.72093E+12
279,6,1.71623E+12,128,218.41,8,0.83,1.71799E+12
280,2,1.71695E+12,101,98.31,6,0.81,1.72177E+12
281,10,1.71532E+12,174,29.24,6,0.03,1.72183E+12
282,1,1.71893E+12,156,217.63,10,0.37,1.71803E+12
283,7,1.72037E+12,263,115.64,9,0.73,1.7207E+12
284,4,1.71763E+12,23,258.06,4,0.41,1.71814E+12
285,9,1.7197E+12,269,17.17,4,0.32,1.71972E+12
286,5,1.71542E+12,205,35.99,10,0.29,1.72073E+12
287,2,1.71553E+12,98,224.3,9,0.84,1.72147E+12
288,4,1.71623E+12,84,221.1,5,0.38,1.71994E+12
289,6,1.72125E+12,9,32.07,4,0.65,1.71938E+12
290,2,1.71804E+12,66,275.88,4,0.38,1.72146E+12
291,2,1.72032E+12,110,280.92,6,0.42,1.72233E+12
292,1,1.7177E+12,175,180.1,3,0.94,1.72158E+12
293,1,1.72069E+12,172,191.93,7,0.45,1.71912E+12
294,2,1.71463E+12,206,80.57,6,0.79,1.71871E+12
295,4,1.71703E+12,77,196.77,7,0.37,1.71881E+12
296,8,1.71896E+12,287,16.71,7,0.81,1.7216E+12
297,9,1.72182E+12,298,291.21,9,0.72,1.71767E+12
298,2,1.72156E+12,127,253.26,3,0.42,1.71997E+12
299,1,1.71801E+12,212,99.05,5,0.33,1.72148E+12
300,3,1.71798E+12,43,9.45,8,0.82,1.71806E+12
301,8,1.72051E+12,46,235.15,2,0.05,1.71809E+12
302,6,1.71942E+12,10,36.5,5,0.04,1.71867E+12
303,9,1.72176E+12,103,34.58,4,0.81,1.72071E+12
304,6,1.71767E+12,51,29.19,4,0.52,1.71813E+12
305,4,1.71787E+12,226,248.77,9,0.08,1.72108E+12
306,7,1.71982E+12,222,194.21,7,0,1.71996E+12
307,9,1.71586E+12,134,237.32,3,0.86,1.71917E+12
308,8,1.71906E+12,270,66.96,10,0.49,1.72007E+12
309,8,1.71634E+12,203,240.36,7,0.52,1.71832E+12
310,8,1.71682E+12,116,157.74,1,0.44,1.71727E+12
311,5,1.72121E+12,255,13.17,3,0.15,1.7216E+12
312,4,1.71552E+12,248,67.92,10,0.41,1.72208E+12
313,1,1.72081E+12,198,85.4,7,0.8,1.72141E+12
314,5,1.72027E+12,300,143.56,10,0.18,1.72017E+12
315,3,1.72203E+12,248,232.2,7,0.5,1.72201E+12
316,3,1.71807E+12,260,256.45,2,0.53,1.71869E+12
317,6,1.71706E+12,196,57.3,5,0.13,1.719E+12
318,5,1.71585E+12,99,267.43,4,0.24,1.71884E+12
319,3,1.72132E+12,38,182.6,2,0.26,1.71885E+12
320,7,1.71471E+12,175,155.77,6,0.75,1.71939E+12
321,2,1.71608E+12,15,222.37,8,0.59,1.7176E+12
322,7,1.7161E+12,238,20.41,3,0.23,1.72072E+12
323,10,1.71902E+12,134,73.32,4,0.53,1.71808E+12
324,7,1.71457E+12,137,232.13,5,0.77,1.71737E+12
325,10,1.71719E+12,8,244.95,3,0.2,1.71906E+12
326,8,1.71562E+12,134,252.64,3,0.1,1.71898E+12
327,7,1.71742E+12,181,254.9,3,0.71,1.72092E+12
328,7,1.72006E+12,56,154.79,1,0.32,1.72231E+12
329,9,1.72226E+12,228,179.02,2,0.3,1.72052E+12
330,4,1.72086E+12,206,17.83,7,0.11,1.7189E+12
331,4,1.72201E+12,241,244.84,3,0.71,1.72118E+12
332,7,1.72222E+12,274,66.03,2,0.86,1.7218E+12
333,6,1.71489E+12,229,299.92,7,0.05,1.7197E+12
334,3,1.72154E+12,231,171.48,3,0.6,1.7212E+12
335,8,1.71499E+12,2,163.49,4,0.53,1.72236E+12
336,9,1.72058E+12,245,79.06,4,0.32,1.72169E+12
337,6,1.71475E+12,21,274.43,6,0.82,1.72055E+12
338,7,1.71646E+12,271,272.96,9,0.57,1.71999E+12
339,1,1.715E+12,36,162.99,9,0.32,1.72229E+12
340,1,1.71865E+12,109,175.5,10,0.63,1.72016E+12
341,1,1.71542E+12,119,109.7,7,0.26,1.71896E+12
342,8,1.71619E+12,224,110.66,3,0.18,1.7208E+12
343,10,1.71635E+12,275,40.29,5,0.51,1.71979E+12
344,3,1.72118E+12,199,295.17,8,0.94,1.71845E+12
345,4,1.71881E+12,218,285.11,4,0.43,1.71916E+12
346,1,1.7209E+12,205,157.06,9,0.99,1.71838E+12
347,6,1.71601E+12,89,234.94,9,0.14,1.71867E+12
348,6,1.71536E+12,46,138.95,7,0.72,1.71897E+12
349,3,1.71712E+12,195,16.38,8,0.61,1.71975E+12
350,6,1.71584E+12,143,98.63,1,0.23,1.72135E+12
351,10,1.71925E+12,98,283.61,7,0.65,1.71745E+12
352,9,1.71456E+12,7,15.01,4,0.41,1.72123E+12
353,1,1.72232E+12,89,49.52,3,0.26,1.71949E+12
354,4,1.71775E+12,85,97.76,3,0.04,1.71951E+12
355,3,1.71677E+12,185,39.25,4,0.94,1.71939E+12
356,10,1.71827E+12,57,115.48,2,0.08,1.7203E+12
357,6,1.71932E+12,222,99.74,4,0.72,1.71854E+12
358,3,1.72165E+12,40,158.11,2,0.81,1.71813E+12
359,4,1.72146E+12,291,167.56,8,0.17,1.72007E+12
360,3,1.71524E+12,4,50.84,1,0.27,1.71812E+12
361,1,1.71828E+12,232,30.63,10,0.11,1.72175E+12
362,5,1.72027E+12,263,20.62,6,0.93,1.71901E+12
363,4,1.72201E+12,112,299.07,2,0.25,1.72049E+12
364,7,1.71957E+12,45,131.51,4,0.19,1.71828E+12
365,6,1.71628E+12,280,115.53,7,0.67,1.72224E+12
366,2,1.72126E+12,163,254.92,1,0.29,1.72075E+12
367,3,1.71704E+12,49,150.1,6,0.62,1.71943E+12
368,9,1.72179E+12,159,34.24,6,0.88,1.72016E+12
369,8,1.71728E+12,176,253.07,2,0.89,1.72091E+12
370,1,1.71975E+12,155,227.82,3,0.93,1.71885E+12
371,6,1.72192E+12,201,74.42,9,0.95,1.71897E+12
372,8,1.71855E+12,89,282.18,7,0.9,1.72151E+12
373,9,1.71841E+12,128,285.46,2,0.26,1.72207E+12
374,2,1.7167E+12,233,215.7,3,0.89,1.72105E+12
375,6,1.72061E+12,76,234.05,2,0.56,1.72073E+12
376,1,1.71519E+12,6,55.52,4,0.97,1.71775E+12
377,7,1.71561E+12,260,95.99,7,0.81,1.72003E+12
378,1,1.72142E+12,296,114.76,9,0.59,1.72078E+12
379,9,1.71796E+12,125,135.04,9,0.27,1.72073E+12
380,4,1.71497E+12,257,151.69,4,0.15,1.719E+12
381,3,1.71469E+12,281,248.93,3,0.82,1.7223E+12
382,10,1.71751E+12,141,145.91,9,0.43,1.7179E+12
383,4,1.71997E+12,52,137.7,1,0.27,1.72005E+12
384,2,1.71619E+12,111,268.12,7,0.23,1.71804E+12
385,5,1.71575E+12,53,216.16,5,0.98,1.72002E+12
386,3,1.72158E+12,43,11.04,10,0.68,1.72008E+12
387,3,1.71557E+12,98,58.71,6,0.58,1.72131E+12
388,3,1.71746E+12,200,230.71,2,0.94,1.72186E+12
389,1,1.71548E+12,29,197.78,3,0.3,1.71816E+12
390,1,1.71714E+12,277,38.91,10,0.29,1.72111E+12
391,2,1.71554E+12,250,67.69,5,0.5,1.72138E+12
392,3,1.71919E+12,257,289.38,1,0.03,1.7182E+12
393,9,1.7155E+12,13,271.49,9,0.58,1.72232E+12
394,10,1.72076E+12,37,125.14,6,0.25,1.71788E+12
395,8,1.71947E+12,285,205.66,7,0.44,1.72044E+12
396,4,1.71768E+12,170,228.82,10,0.98,1.71991E+12
397,1,1.7212E+12,258,129.95,4,0.43,1.71972E+12
398,7,1.72148E+12,239,98.11,9,0.53,1.72208E+12
399,1,1.71577E+12,187,111.84,4,0.42,1.72145E+12
400,4,1.72095E+12,230,142.91,4,0.09,1.71964E+12
401,9,1.71666E+12,48,125.93,9,0.85,1.72083E+12
402,5,1.71825E+12,102,199.2,4,0.12,1.72081E+12
403,6,1.71796E+12,93,278.37,2,0.88,1.72032E+12
404,6,1.72142E+12,235,64.33,5,0.93,1.72023E+12
405,8,1.71514E+12,2,242.39,1,0.96,1.72125E+12
406,1,1.72213E+12,219,108.93,8,0.63,1.72144E+12
407,5,1.71672E+12,167,185.51,6,0.73,1.71916E+12
408,9,1.72202E+12,192,56.4,6,0.56,1.72198E+12
409,5,1.71984E+12,67,221.83,10,0.82,1.71951E+12
410,3,1.71527E+12,124,35.45,8,0.36,1.7202E+12
411,6,1.71916E+12,28,247.21,7,0.49,1.72163E+12
412,2,1.72168E+12,73,153.2,2,0.58,1.72107E+12
413,5,1.71763E+12,81,140.24,2,0.96,1.71846E+12
414,1,1.71798E+12,56,76.89,7,0.02,1.7178E+12
415,2,1.7206E+12,202,244.17,8,0.56,1.72057E+12
416,8,1.71515E+12,228,126.79,2,0.53,1.72107E+12
417,3,1.72149E+12,194,49.03,7,0.68,1.71858E+12
418,4,1.72081E+12,14,160.22,7,0.99,1.71771E+12
419,8,1.71576E+12,180,250.09,5,0.04,1.72225E+12
420,1,1.72235E+12,93,271.27,4,0.37,1.72208E+12
421,3,1.71922E+12,239,151.25,2,0.31,1.72045E+12
422,2,1.715E+12,279,43.72,10,0.36,1.72169E+12
423,9,1.71586E+12,216,298.9,1,0.97,1.72033E+12
424,1,1.72024E+12,142,128.9,7,0.71,1.71788E+12
425,4,1.72093E+12,79,221.69,10,0.86,1.72219E+12
426,9,1.71942E+12,182,153.65,10,0.16,1.72023E+12
427,7,1.72028E+12,178,25.94,2,0.25,1.72019E+12
428,5,1.72226E+12,91,33.55,6,0.56,1.71723E+12
429,4,1.71732E+12,73,175.59,10,0.47,1.71976E+12
430,6,1.71697E+12,115,78.22,7,0.59,1.71886E+12
431,4,1.72173E+12,179,175.41,5,0.5,1.71804E+12
432,1,1.71672E+12,62,210.51,10,0.11,1.7218E+12
433,5,1.71611E+12,220,228.61,7,0.62,1.71829E+12
434,3,1.71461E+12,241,245.74,5,0.09,1.72211E+12
435,2,1.71473E+12,161,28.51,10,0.23,1.71751E+12
436,4,1.71848E+12,238,85.44,5,0.43,1.72066E+12
437,8,1.72081E+12,73,94.04,4,0.01,1.71828E+12
438,8,1.72186E+12,73,95.43,7,0.66,1.71932E+12
439,2,1.71564E+12,169,258.18,8,0.46,1.71825E+12
440,3,1.71647E+12,189,225.51,4,0.61,1.71942E+12
441,3,1.72063E+12,170,189.74,3,0.1,1.72038E+12
442,8,1.71931E+12,25,219.59,2,0.6,1.71957E+12
443,7,1.72153E+12,82,55.27,10,0.92,1.71809E+12
444,7,1.71954E+12,161,167.01,8,0.46,1.72177E+12
445,7,1.71882E+12,186,205.4,1,0.37,1.7196E+12
446,10,1.715E+12,296,206.49,8,0.64,1.72023E+12
447,2,1.72156E+12,119,149.13,1,0.52,1.71944E+12
448,2,1.71579E+12,66,237.28,2,0.27,1.71779E+12
449,3,1.71535E+12,32,209.79,5,0.9,1.72179E+12
450,5,1.7203E+12,228,163.38,5,0.54,1.72238E+12
451,5,1.72186E+12,36,263.28,10,0.19,1.72183E+12
452,9,1.71596E+12,86,14.1,5,0.01,1.72209E+12
453,7,1.71923E+12,147,23.19,2,0.31,1.72133E+12
454,8,1.71866E+12,82,135.31,9,0.21,1.72209E+12
455,10,1.71741E+12,30,118.44,5,0.78,1.71982E+12
456,10,1.72236E+12,54,33.17,1,0.94,1.71732E+12
457,6,1.71976E+12,225,229.27,2,0.73,1.72066E+12
458,4,1.72213E+12,1,90.86,9,0.63,1.72044E+12
459,9,1.72032E+12,225,209.08,1,0.06,1.72092E+12
460,9,1.71698E+12,114,183.53,10,0.86,1.71921E+12
461,9,1.71716E+12,213,9.51,10,0.5,1.71919E+12
462,9,1.71659E+12,216,16.15,2,0.91,1.72209E+12
463,2,1.716E+12,231,164.22,10,0.97,1.72166E+12
464,6,1.71505E+12,45,59.71,8,0.93,1.71781E+12
465,7,1.71797E+12,284,177.08,6,0.81,1.72066E+12
466,5,1.72043E+12,11,243.65,6,0.91,1.72012E+12
467,1,1.72186E+12,146,207.65,3,0.35,1.71914E+12
468,3,1.71454E+12,214,180.78,9,0.88,1.72108E+12
469,6,1.71912E+12,36,47.17,1,0.5,1.71878E+12
470,4,1.71836E+12,64,197.89,10,0.63,1.71996E+12
471,6,1.71509E+12,43,163.51,3,0.21,1.71841E+12
472,3,1.72168E+12,265,99.05,3,0.94,1.72168E+12
473,5,1.71779E+12,257,256.47,8,0.64,1.72211E+12
474,4,1.721E+12,107,147.93,4,0.75,1.71976E+12
475,2,1.71917E+12,164,297.7,9,0.72,1.72082E+12
476,10,1.71591E+12,59,278.03,3,0.8,1.72112E+12
477,7,1.72217E+12,15,295.66,10,0.87,1.72027E+12
478,8,1.71458E+12,200,11.81,1,0.13,1.72065E+12
479,3,1.71911E+12,58,263.41,2,0.26,1.7182E+12
480,2,1.71899E+12,155,115.92,9,0.04,1.71738E+12
481,5,1.72059E+12,235,112.12,8,0.44,1.71872E+12
482,1,1.71594E+12,52,18.47,6,0.7,1.71829E+12
483,2,1.71756E+12,129,216.01,7,0.7,1.71868E+12
484,10,1.72013E+12,28,222.23,5,0.37,1.71785E+12
485,8,1.71489E+12,251,60.97,4,0.77,1.71966E+12
486,3,1.72026E+12,114,161.9,8,0.98,1.71973E+12
487,5,1.7192E+12,43,239.72,1,0.73,1.71903E+12
488,4,1.71563E+12,89,125.2,5,0.78,1.71734E+12
489,2,1.72133E+12,51,135.24,2,0.33,1.71891E+12
490,7,1.72041E+12,234,159.14,2,0.2,1.71826E+12
491,6,1.71733E+12,37,220.9,4,0.88,1.71763E+12
492,6,1.71731E+12,100,299.07,5,0.8,1.72128E+12
493,3,1.71988E+12,38,269.73,2,0.83,1.71994E+12
494,10,1.71721E+12,156,144.36,1,0.2,1.71817E+12
495,6,1.71973E+12,68,111.17,7,0.83,1.71775E+12
496,1,1.7212E+12,107,246.39,2,0.06,1.71731E+12
497,4,1.71921E+12,47,117.4,7,0.81,1.71844E+12
498,7,1.71714E+12,259,211.48,9,0.8,1.72231E+12
499,6,1.71946E+12,26,117.21,10,0.14,1.71899E+12
500,3,1.71722E+12,260,9.27,7,0.66,1.72237E+12
501,7,1.71454E+12,248,187.21,9,0.59,1.7223E+12
502,8,1.72161E+12,204,13.63,4,0.28,1.71763E+12
503,2,1.71649E+12,38,203.14,3,0.76,1.72055E+12
504,5,1.71854E+12,195,71.24,8,0.51,1.72156E+12
505,10,1.71547E+12,283,81.72,2,0.96,1.71743E+12
506,2,1.71513E+12,229,130.59,2,0.45,1.72082E+12
507,5,1.72125E+12,224,41.09,2,0.97,1.71875E+12
508,2,1.71687E+12,171,55.81,8,0.63,1.72184E+12
509,10,1.7188E+12,121,18.3,7,0.7,1.71923E+12
510,8,1.72212E+12,282,147.21,8,0.46,1.71978E+12
511,6,1.71967E+12,12,14.33,3,0.59,1.72099E+12
512,3,1.71873E+12,286,126.01,5,0.16,1.718E+12
513,7,1.72165E+12,87,136.45,8,0.77,1.72037E+12
514,2,1.71688E+12,223,10.29,7,0.09,1.71893E+12
515,10,1.71919E+12,291,161.26,9,0.7,1.72052E+12
516,8,1.71929E+12,186,101.62,4,0.15,1.71723E+12
517,4,1.71835E+12,171,205.1,5,0.75,1.72143E+12
518,7,1.72024E+12,226,77.74,7,0.01,1.71954E+12
519,2,1.71795E+12,22,44.14,9,0.69,1.71727E+12
520,7,1.72097E+12,232,52.33,2,0.22,1.7211E+12
521,10,1.72176E+12,58,233.5,9,0.05,1.71937E+12
522,10,1.71817E+12,290,105.26,1,0.62,1.72199E+12
523,7,1.71847E+12,71,104.68,8,0.36,1.7211E+12
524,5,1.72094E+12,184,109.12,7,0.57,1.71797E+12
525,9,1.71834E+12,221,22.38,3,0.55,1.7218E+12
526,1,1.71517E+12,232,237.39,2,0.5,1.71728E+12
527,7,1.71642E+12,150,119.97,9,0.75,1.72101E+12
528,3,1.71599E+12,49,253.59,5,0.51,1.71841E+12
529,7,1.71823E+12,15,137.44,2,0.32,1.71826E+12
530,10,1.71493E+12,277,280.31,5,0.58,1.72056E+12
531,5,1.71854E+12,144,101.75,5,0.74,1.71918E+12
532,2,1.72028E+12,202,172.7,6,0.79,1.72146E+12
533,3,1.71831E+12,122,98.1,8,0.29,1.72066E+12
534,2,1.71719E+12,7,279.28,10,0.22,1.72094E+12
535,5,1.71736E+12,77,241.97,8,0.99,1.72043E+12
536,8,1.71685E+12,296,244.32,7,0.59,1.72141E+12
537,2,1.71746E+12,260,48.83,10,0.17,1.72073E+12
538,10,1.71461E+12,107,198.14,3,0.22,1.71858E+12
539,1,1.71474E+12,272,128.44,5,0.32,1.72006E+12
540,7,1.71664E+12,284,209.03,5,0.11,1.72174E+12
541,9,1.71739E+12,33,165.08,9,0.22,1.72145E+12
542,1,1.71596E+12,246,33.13,3,0.75,1.71929E+12
543,7,1.7217E+12,181,109.38,4,0.51,1.71764E+12
544,1,1.72222E+12,300,290.61,1,0.51,1.72142E+12
545,4,1.71482E+12,201,167.16,5,0.53,1.72137E+12
546,1,1.71877E+12,182,291.75,9,0.66,1.71889E+12
547,6,1.72107E+12,189,296.22,5,0.55,1.7205E+12
548,10,1.71537E+12,298,193.74,6,0.82,1.72041E+12
549,4,1.71854E+12,254,187.14,2,0.47,1.72041E+12
550,8,1.72044E+12,257,124.97,4,0.98,1.7175E+12
551,3,1.71784E+12,23,228.71,5,0.09,1.71837E+12
552,6,1.7187E+12,297,135.56,1,0.06,1.72166E+12
553,10,1.71585E+12,73,215.21,5,0.25,1.71954E+12
554,4,1.72091E+12,111,278.99,8,0.9,1.72014E+12
555,7,1.71829E+12,11,161.23,1,0.67,1.71788E+12
556,4,1.71497E+12,165,145.31,9,0.15,1.72061E+12
557,5,1.7206E+12,16,228.52,5,0.7,1.72063E+12
558,3,1.71626E+12,185,261.37,4,0.83,1.71933E+12
559,10,1.72057E+12,77,114.49,6,0.58,1.72209E+12
560,8,1.72225E+12,146,270.25,9,0.24,1.72219E+12
561,4,1.71892E+12,112,160.16,6,0.06,1.71733E+12
562,2,1.71926E+12,39,111.96,6,0.99,1.72046E+12
563,2,1.7201E+12,152,291.07,10,0.09,1.72176E+12
564,8,1.71592E+12,167,74.81,3,0.43,1.71797E+12
565,1,1.71588E+12,139,129.26,10,0.85,1.72006E+12
566,4,1.722E+12,68,209.82,5,0.14,1.71878E+12
567,8,1.71859E+12,75,231.29,5,0.82,1.7218E+12
568,5,1.71992E+12,132,140.75,2,0.69,1.71954E+12
569,9,1.72175E+12,261,46.03,1,0.49,1.72184E+12
570,9,1.71605E+12,9,202.11,5,0.38,1.71742E+12
571,8,1.71854E+12,163,185.21,5,0.03,1.71764E+12
572,4,1.71541E+12,93,74.31,4,0.41,1.72194E+12
573,3,1.71822E+12,33,113.38,6,0.34,1.71761E+12
574,1,1.71725E+12,255,47.85,10,0.03,1.71834E+12
575,4,1.7173E+12,104,166.48,8,0.67,1.72132E+12
576,4,1.72221E+12,184,299.22,4,0.94,1.72128E+12
577,9,1.7217E+12,99,182.97,4,0.23,1.71843E+12
578,10,1.71916E+12,273,259.54,3,0.84,1.71881E+12
579,1,1.72074E+12,140,165.98,8,0.86,1.72088E+12
580,9,1.72066E+12,199,183.89,2,0.26,1.72096E+12
581,6,1.71454E+12,192,20.09,3,0.36,1.72165E+12
582,8,1.71509E+12,198,183.38,6,0.42,1.71879E+12
583,5,1.71939E+12,204,17.36,5,0.59,1.71937E+12
584,10,1.71587E+12,160,29.81,3,0.2,1.71954E+12
585,9,1.72021E+12,283,181.76,2,0.96,1.71834E+12
586,8,1.71764E+12,294,217.84,9,0.36,1.72179E+12
587,7,1.71613E+12,190,136.18,5,0.86,1.71857E+12
588,3,1.71861E+12,140,152.09,5,1,1.7209E+12
589,9,1.71503E+12,202,54.89,6,0.52,1.72192E+12
590,2,1.71768E+12,12,102.82,2,0.35,1.71907E+12
591,7,1.7178E+12,211,100.33,4,0.11,1.71828E+12
592,10,1.71715E+12,155,63.13,1,0.68,1.71788E+12
593,2,1.71459E+12,79,12,5,0.37,1.71748E+12
594,1,1.71743E+12,93,131.61,8,0.29,1.72145E+12
595,7,1.72003E+12,219,141.7,6,0.17,1.71914E+12
596,10,1.71469E+12,21,99.66,5,0.22,1.71992E+12
597,3,1.71934E+12,249,119.78,7,0.18,1.72054E+12
598,8,1.7198E+12,134,23.69,2,0.03,1.72205E+12
599,10,1.71636E+12,266,151.39,3,0.74,1.72074E+12
600,10,1.71722E+12,76,218.78,7,0.29,1.71857E+12
601,1,1.72004E+12,123,44.96,6,0.22,1.7192E+12
602,4,1.71621E+12,111,45.89,2,0.23,1.71771E+12
603,10,1.72064E+12,272,166.15,1,0.97,1.721E+12
604,5,1.71511E+12,159,280.74,8,0.57,1.71866E+12
605,8,1.71991E+12,122,184.9,2,0.58,1.72038E+12
606,4,1.71956E+12,15,292.59,7,0.5,1.71998E+12
607,5,1.71537E+12,80,140.96,7,0.73,1.71938E+12
608,2,1.71667E+12,40,202.84,4,0.93,1.71851E+12
609,9,1.71999E+12,70,17.89,8,0.74,1.72115E+12
610,6,1.71762E+12,160,163.45,4,0.55,1.72076E+12
611,4,1.72119E+12,283,57.47,9,0.83,1.71986E+12
612,7,1.71753E+12,290,69.87,9,0.01,1.71966E+12
613,4,1.72217E+12,263,203.48,1,0.53,1.71869E+12
614,3,1.7184E+12,103,292.58,3,0.75,1.71902E+12
615,10,1.72104E+12,237,32.3,9,0.05,1.72199E+12
616,9,1.71996E+12,263,195.43,5,0.53,1.7214E+12
617,6,1.71761E+12,99,163.6,7,0.66,1.72003E+12
618,6,1.71602E+12,106,245.91,1,0.93,1.721E+12
619,5,1.71951E+12,156,142.76,4,0.36,1.72093E+12
620,4,1.72227E+12,226,41.45,6,0.12,1.7174E+12
621,2,1.71852E+12,213,50.77,1,0.1,1.72108E+12
622,1,1.72083E+12,101,130.52,5,0.8,1.71816E+12
623,6,1.72077E+12,113,92.51,9,0.44,1.71995E+12
624,8,1.71983E+12,200,284.94,5,0.93,1.71912E+12
625,4,1.71643E+12,196,246.71,6,0.53,1.72166E+12
626,2,1.71825E+12,71,76.73,7,0.82,1.7211E+12
627,6,1.72082E+12,85,37.93,2,0.7,1.71849E+12
628,8,1.71852E+12,184,189.54,4,0.51,1.71834E+12
629,2,1.71946E+12,42,247.95,9,0.96,1.72148E+12
630,4,1.72095E+12,8,43.95,8,0.63,1.72003E+12
631,6,1.71893E+12,131,293.62,6,0.4,1.7207E+12
632,9,1.72036E+12,241,286.56,6,0.01,1.72008E+12
633,2,1.7207E+12,81,45.61,10,0.78,1.72149E+12
634,10,1.71687E+12,298,35.75,9,0.62,1.71731E+12
635,10,1.71833E+12,157,130.78,5,0.53,1.7184E+12
636,7,1.72192E+12,292,164.96,3,0.11,1.71816E+12
637,2,1.72169E+12,138,32.95,2,0.72,1.71944E+12
638,5,1.7186E+12,20,259.95,1,0.22,1.72063E+12
639,3,1.72123E+12,153,217.24,2,0.21,1.7207E+12
640,4,1.71815E+12,178,158.4,2,0.55,1.72045E+12
641,9,1.71585E+12,112,152.67,9,0.29,1.71748E+12
642,6,1.7191E+12,158,293.54,9,0.13,1.72229E+12
643,2,1.71944E+12,73,222.13,7,0.06,1.71987E+12
644,4,1.71742E+12,194,291.81,8,0.55,1.7173E+12
645,2,1.7201E+12,292,226.57,9,0.83,1.7196E+12
646,10,1.7159E+12,97,57.06,4,0.4,1.71775E+12
647,10,1.71802E+12,13,134.27,5,0.45,1.72198E+12
648,7,1.72035E+12,178,212,5,0.15,1.72003E+12
649,3,1.71504E+12,85,279.96,2,0.02,1.72223E+12
650,3,1.72134E+12,280,116.58,6,0.65,1.72075E+12
651,8,1.7157E+12,69,64.04,5,0.19,1.7217E+12
652,2,1.72175E+12,104,156.4,4,0.64,1.72136E+12
653,5,1.71712E+12,130,141.75,10,0.2,1.7193E+12
654,2,1.71986E+12,197,299.96,9,0.08,1.71922E+12
655,2,1.71881E+12,206,19.09,3,0.25,1.71987E+12
656,8,1.71765E+12,225,170.64,6,0.6,1.72025E+12
657,2,1.71971E+12,185,129.8,8,0.03,1.71734E+12
658,7,1.72156E+12,207,37.57,7,0.11,1.71995E+12
659,4,1.72111E+12,37,290.44,9,0.68,1.71896E+12
660,1,1.72151E+12,177,147.52,6,0.77,1.71821E+12
661,7,1.71664E+12,16,140.49,3,0.52,1.71858E+12
662,4,1.71917E+12,29,206.32,1,0.21,1.71998E+12
663,8,1.72073E+12,91,40.64,7,0.65,1.72196E+12
664,9,1.72009E+12,81,60.86,4,0.7,1.72032E+12
665,5,1.71521E+12,206,292.11,1,0.91,1.71792E+12
666,4,1.71835E+12,80,156.12,10,0.02,1.71989E+12
667,3,1.7189E+12,239,98.16,8,0.82,1.71947E+12
668,8,1.71993E+12,60,239.99,5,0.95,1.72072E+12
669,7,1.71983E+12,162,242.28,10,0.26,1.7209E+12
670,9,1.71953E+12,129,209.55,9,0.36,1.71903E+12
671,5,1.71935E+12,26,171.87,9,0.3,1.72015E+12
672,8,1.72234E+12,7,237.91,2,0.48,1.71983E+12
673,5,1.71479E+12,199,210.25,3,0.18,1.71787E+12
674,3,1.72099E+12,214,31.6,10,0.7,1.71823E+12
675,3,1.71803E+12,262,242.13,6,0.46,1.72135E+12
676,5,1.71489E+12,83,112.56,5,0.61,1.7195E+12
677,2,1.71909E+12,215,153.88,4,0.45,1.71918E+12
678,1,1.71879E+12,213,135.56,1,0.02,1.71959E+12
679,4,1.71692E+12,112,84.47,1,0.61,1.72015E+12
680,7,1.71627E+12,280,241.56,9,0.06,1.71825E+12
681,3,1.71859E+12,24,264.98,7,0.97,1.72136E+12
682,5,1.72007E+12,198,51.95,2,0.42,1.71768E+12
683,8,1.71587E+12,242,75.34,9,0.56,1.72128E+12
684,9,1.71815E+12,241,186.21,4,0.64,1.71803E+12
685,7,1.71589E+12,62,287.5,3,0.71,1.72175E+12
686,5,1.71779E+12,82,34.32,10,0.37,1.72205E+12
687,5,1.71664E+12,257,107.23,1,0.55,1.72069E+12
688,8,1.72166E+12,98,285.7,4,0.32,1.71942E+12
689,1,1.71553E+12,250,62.7,1,0.27,1.72136E+12
690,7,1.72146E+12,154,183.6,7,0.48,1.71804E+12
691,8,1.718E+12,48,134.11,6,0.25,1.71868E+12
692,9,1.71835E+12,150,286.58,7,0.79,1.71747E+12
693,9,1.71476E+12,5,213.85,8,0.04,1.72095E+12
694,9,1.71494E+12,239,25.31,3,0.39,1.72193E+12
695,3,1.71767E+12,70,22.12,3,0.05,1.71823E+12
696,10,1.71745E+12,291,245.65,2,0.35,1.71779E+12
697,2,1.71895E+12,207,98.25,10,0.99,1.72131E+12
698,6,1.71526E+12,273,187.55,4,0.33,1.71882E+12
699,8,1.71592E+12,240,44.77,7,0.49,1.72193E+12
700,7,1.7223E+12,296,134.66,5,0.26,1.72235E+12
701,4,1.7181E+12,111,123.91,7,0.81,1.71853E+12
702,7,1.71894E+12,68,231.53,2,0.71,1.71872E+12
703,2,1.72082E+12,35,61.39,1,0.08,1.71955E+12
704,7,1.72086E+12,11,256.4,7,0.93,1.71903E+12
705,3,1.71611E+12,288,299.74,1,0.4,1.71856E+12
706,6,1.71864E+12,74,218.79,5,0.6,1.71737E+12
707,8,1.71543E+12,160,106.72,1,0.28,1.71792E+12
708,4,1.71477E+12,173,137.75,1,0.49,1.72197E+12
709,4,1.71722E+12,175,18.78,3,0.87,1.72051E+12
710,4,1.71521E+12,244,268.54,6,0.99,1.72092E+12
711,5,1.72168E+12,204,67.71,5,0.66,1.7189E+12
712,3,1.71789E+12,23,293.63,2,0.08,1.72144E+12
713,1,1.71764E+12,126,102.9,7,0.28,1.72194E+12
714,2,1.71696E+12,178,282.02,2,0.58,1.71722E+12
715,1,1.72232E+12,59,38.76,1,0.65,1.72049E+12
716,1,1.71685E+12,226,75.76,8,0.72,1.72057E+12
717,2,1.7158E+12,203,127.36,7,0.33,1.71741E+12
718,3,1.71603E+12,206,72.87,7,0.43,1.72121E+12
719,8,1.71733E+12,21,217.56,9,0.78,1.71896E+12
720,7,1.71489E+12,256,127.99,1,0.03,1.72227E+12
721,10,1.71852E+12,134,193.76,8,0.56,1.71736E+12
722,2,1.71533E+12,68,69.78,1,0.43,1.71973E+12
723,2,1.71563E+12,133,269.78,6,0.88,1.71884E+12
724,3,1.72166E+12,171,75.01,6,0.58,1.71791E+12
725,2,1.72222E+12,278,233.37,4,0.75,1.72035E+12
726,9,1.72035E+12,271,251.49,7,0.89,1.71845E+12
727,8,1.71746E+12,148,226.22,8,0.58,1.72199E+12
728,4,1.72224E+12,34,203.99,5,0.27,1.7207E+12
729,8,1.72218E+12,143,287.71,1,0.24,1.72222E+12
730,7,1.71906E+12,31,272.9,3,0.04,1.72024E+12
731,1,1.71765E+12,232,289.86,4,0.54,1.72231E+12
732,3,1.71789E+12,286,221.32,5,0.48,1.71795E+12
733,1,1.71614E+12,237,55.85,6,0.33,1.72135E+12
734,1,1.71932E+12,240,180.82,5,0.45,1.72222E+12
735,3,1.72098E+12,159,44.68,5,0.75,1.72159E+12
736,3,1.71755E+12,123,89.8,4,0.61,1.7199E+12
737,3,1.71887E+12,276,167.3,3,0.67,1.7175E+12
738,7,1.71576E+12,8,91.08,8,0.63,1.72165E+12
739,9,1.72201E+12,156,84.8,10,0.29,1.72169E+12
740,2,1.72204E+12,279,273.7,5,0.19,1.71751E+12
741,4,1.72071E+12,58,267.27,3,0.1,1.72118E+12
742,4,1.71456E+12,82,128.87,8,0.36,1.72235E+12
743,8,1.72129E+12,291,180.17,8,0.64,1.71928E+12
744,10,1.72193E+12,173,269.26,7,0.31,1.7215E+12
745,2,1.71694E+12,165,232.64,4,0.78,1.71824E+12
746,1,1.7177E+12,281,89.38,3,0.97,1.71835E+12
747,7,1.71694E+12,74,248.28,10,0.14,1.72082E+12
748,5,1.71696E+12,96,110.93,6,0.31,1.71837E+12
749,3,1.72062E+12,113,183.03,9,0.84,1.72148E+12
750,1,1.71475E+12,165,246.38,10,0.95,1.7182E+12
751,10,1.72207E+12,219,132.55,6,1,1.72028E+12
752,1,1.71921E+12,105,153.98,8,0.16,1.71786E+12
753,8,1.72206E+12,158,186.52,7,0,1.71943E+12
754,1,1.71503E+12,171,144.01,2,0.8,1.72189E+12
755,8,1.71989E+12,194,251,1,0.27,1.72061E+12
756,1,1.71667E+12,142,136.34,8,0.72,1.71779E+12
757,1,1.71688E+12,137,124.83,1,0.19,1.72226E+12
758,5,1.71768E+12,102,155.89,2,0.34,1.71745E+12
759,8,1.7212E+12,193,167.52,6,0.92,1.71989E+12
760,8,1.71741E+12,230,252.74,8,0.25,1.71799E+12
761,6,1.72101E+12,132,256.17,10,0.77,1.71911E+12
762,5,1.71545E+12,32,262.78,9,0.93,1.7222E+12
763,5,1.71873E+12,218,201.07,8,0.2,1.71856E+12
764,9,1.71778E+12,197,277.36,8,0.65,1.71839E+12
765,2,1.71834E+12,20,18.22,10,0.72,1.71816E+12
766,7,1.71471E+12,58,20.89,6,0.76,1.72167E+12
767,9,1.71551E+12,72,234.82,7,0.55,1.72145E+12
768,1,1.71798E+12,229,126.93,1,0.57,1.71745E+12
769,4,1.71726E+12,218,155.17,1,0.81,1.71999E+12
770,8,1.7194E+12,269,229.88,5,0.79,1.72032E+12
771,5,1.71483E+12,34,251.77,10,0.26,1.72139E+12
772,1,1.72119E+12,190,128.16,8,0.74,1.71974E+12
773,3,1.72129E+12,260,259.54,1,0.2,1.71983E+12
774,5,1.71544E+12,221,143.08,4,0.11,1.71969E+12
775,5,1.72205E+12,135,10.26,4,0.45,1.72211E+12
776,1,1.71898E+12,87,168.55,7,0.16,1.71815E+12
777,8,1.71479E+12,26,280.98,4,0.71,1.71932E+12
778,8,1.72192E+12,43,90.01,4,0.37,1.71852E+12
779,10,1.71796E+12,262,267.92,10,0.58,1.71981E+12
780,4,1.72085E+12,204,53.33,3,0.12,1.71927E+12
781,6,1.7164E+12,289,96.58,3,0.86,1.719E+12
782,8,1.72028E+12,15,222.82,4,0.81,1.72234E+12
783,5,1.71949E+12,99,178.55,2,0.4,1.71759E+12
784,7,1.7157E+12,300,120.82,3,0.85,1.72135E+12
785,6,1.71463E+12,108,234.94,10,0.44,1.7173E+12
786,4,1.71774E+12,83,299.05,10,0.12,1.72038E+12
787,6,1.7166E+12,298,35.83,5,0.4,1.72092E+12
788,6,1.72146E+12,56,102.99,7,0.69,1.72143E+12
789,6,1.71758E+12,283,290.31,5,0.69,1.71765E+12
790,2,1.72108E+12,218,35.86,10,0.74,1.71847E+12
791,5,1.7197E+12,105,157.8,7,0.7,1.71728E+12
792,8,1.71903E+12,179,11.51,7,0.74,1.72182E+12
793,5,1.7167E+12,184,146.16,1,0.66,1.71902E+12
794,4,1.71714E+12,28,261.04,8,0.55,1.72138E+12
795,1,1.7184E+12,107,206.15,5,0.96,1.72221E+12
796,6,1.71738E+12,207,122.03,5,0.96,1.71937E+12
797,9,1.71721E+12,191,143.75,9,0.41,1.72231E+12
798,4,1.721E+12,259,282.81,10,0.81,1.71896E+12
799,8,1.71676E+12,90,238.26,7,0.68,1.71951E+12
800,2,1.7218E+12,84,223.48,7,0.4,1.71768E+12
801,10,1.71676E+12,90,238.42,4,0.57,1.72067E+12
802,4,1.71529E+12,100,282.93,6,0.72,1.72223E+12
803,1,1.71502E+12,166,283.35,5,0.28,1.71786E+12
804,5,1.7152E+12,182,191.94,5,0.71,1.72175E+12
805,1,1.71756E+12,18,128.66,5,1,1.72228E+12
806,10,1.71953E+12,290,207.77,3,0.88,1.71777E+12
807,3,1.71497E+12,145,110.6,3,0.56,1.72189E+12
808,3,1.72146E+12,291,38.29,3,0.75,1.72026E+12
809,2,1.71658E+12,188,268.01,10,0.55,1.72071E+12
810,4,1.71799E+12,62,152.68,4,0.93,1.71782E+12
811,3,1.72218E+12,155,102.24,1,0.99,1.71889E+12
812,10,1.71923E+12,233,137.77,3,0.63,1.72238E+12
813,5,1.7183E+12,64,26.31,9,0.29,1.71755E+12
814,1,1.71478E+12,232,189.31,4,0.04,1.72025E+12
815,3,1.72106E+12,245,32.66,1,0.49,1.72008E+12
816,6,1.72191E+12,5,65.3,8,0.43,1.721E+12
817,2,1.71918E+12,40,85.77,3,0.92,1.71929E+12
818,4,1.71593E+12,116,17.85,5,0.18,1.72224E+12
819,8,1.72182E+12,71,104.81,1,0.67,1.71741E+12
820,3,1.71855E+12,64,28.02,10,0.88,1.71945E+12
821,10,1.71872E+12,220,126.06,2,0.05,1.71798E+12
822,4,1.72234E+12,88,278.75,6,0.49,1.71813E+12
823,2,1.71543E+12,85,190.13,4,0.71,1.71849E+12
824,2,1.71878E+12,84,244.35,4,0.01,1.71955E+12
825,8,1.71912E+12,53,253.49,6,0.05,1.71996E+12
826,1,1.71944E+12,15,188.77,3,0.2,1.72016E+12
827,5,1.71847E+12,229,19.94,6,0.3,1.72106E+12
828,1,1.7201E+12,241,215.95,1,0.42,1.72216E+12
829,4,1.71732E+12,190,283.38,5,0.41,1.71724E+12
830,5,1.72101E+12,266,240.62,1,0.88,1.71868E+12
831,3,1.71563E+12,85,10.31,5,0.55,1.71826E+12
832,8,1.72008E+12,47,91.77,10,0.34,1.7187E+12
833,5,1.71626E+12,260,177.91,7,0.04,1.72149E+12
834,5,1.71909E+12,85,129.65,6,0.96,1.72197E+12
835,6,1.71566E+12,278,270.42,5,0.57,1.71728E+12
836,8,1.72118E+12,277,219.74,10,0.36,1.72132E+12
837,6,1.71501E+12,84,202.06,6,0.43,1.72221E+12
838,1,1.71939E+12,262,75.17,4,0.58,1.71788E+12
839,3,1.71735E+12,147,258.26,3,0.24,1.72085E+12
840,2,1.72017E+12,171,198.72,7,0.09,1.72062E+12
841,2,1.72014E+12,191,158.03,8,0.6,1.71995E+12
842,4,1.71927E+12,230,130.35,6,0.07,1.71831E+12
843,10,1.72125E+12,278,169.25,5,0.73,1.72089E+12
844,9,1.72167E+12,70,155.5,10,0.3,1.72144E+12
845,1,1.71877E+12,9,51.18,2,0.81,1.72215E+12
846,2,1.7146E+12,89,113.09,7,0.39,1.72127E+12
847,2,1.72132E+12,246,225.45,6,0.46,1.72202E+12
848,2,1.71673E+12,239,155.62,5,0.75,1.719E+12
849,7,1.7222E+12,125,13.48,6,0.38,1.71761E+12
850,5,1.72039E+12,236,112.23,8,0.85,1.71774E+12
851,4,1.72119E+12,143,77.45,6,0.45,1.72153E+12
852,10,1.72102E+12,77,51.82,3,0.33,1.7182E+12
853,10,1.71492E+12,232,163.91,7,0.69,1.72149E+12
854,7,1.72093E+12,94,29.48,9,0.12,1.71823E+12
855,3,1.71937E+12,165,39.8,7,0.2,1.71828E+12
856,8,1.71942E+12,67,292.71,3,0.86,1.72077E+12
857,3,1.71671E+12,279,68.28,7,0.21,1.72218E+12
858,7,1.72211E+12,44,81.14,9,0.55,1.72062E+12
859,6,1.71939E+12,297,169.99,4,0.29,1.72191E+12
860,3,1.71924E+12,223,146.84,9,0.72,1.71893E+12
861,2,1.72059E+12,213,142.67,1,0.29,1.71958E+12
862,7,1.71836E+12,287,82.63,10,0.55,1.72121E+12
863,6,1.71721E+12,202,161.36,5,0.38,1.71994E+12
864,10,1.71579E+12,168,113.9,10,0.59,1.72023E+12
865,10,1.72063E+12,184,283.67,2,0.46,1.72089E+12
866,3,1.71966E+12,194,162,8,0.11,1.72126E+12
867,3,1.72069E+12,224,246.7,4,0.94,1.72044E+12
868,9,1.71488E+12,13,203.27,2,0.43,1.72216E+12
869,2,1.72011E+12,122,263.89,9,0.71,1.71965E+12
870,2,1.71651E+12,83,272.65,10,0.7,1.72108E+12
871,5,1.7215E+12,198,98.56,5,0.46,1.71773E+12
872,9,1.71588E+12,35,69.23,10,0.19,1.71919E+12
873,1,1.72039E+12,200,215.73,10,0.96,1.72117E+12
874,8,1.72222E+12,50,215.87,2,0.62,1.71866E+12
875,7,1.71883E+12,59,50.55,6,0.35,1.72056E+12
876,4,1.71903E+12,78,56.25,6,0.27,1.7202E+12
877,10,1.72227E+12,79,103.12,9,0.53,1.72022E+12
878,4,1.7212E+12,7,40.55,5,0.86,1.72177E+12
879,5,1.71677E+12,216,216.29,5,0.26,1.71988E+12
880,3,1.71566E+12,69,68.5,1,0.16,1.71731E+12
881,9,1.71984E+12,235,209.33,7,0.27,1.71768E+12
882,10,1.71615E+12,283,111.63,5,0.51,1.72095E+12
883,10,1.71637E+12,88,153.16,8,0.75,1.71848E+12
884,9,1.72226E+12,247,278.33,1,0.73,1.72151E+12
885,9,1.72021E+12,285,263.33,1,0.64,1.72158E+12
886,7,1.7183E+12,33,223.64,10,0.95,1.71764E+12
887,1,1.72018E+12,269,149.95,9,0.37,1.71725E+12
888,4,1.72066E+12,91,53.95,9,0.51,1.71937E+12
889,4,1.71572E+12,275,90.77,2,0.36,1.72098E+12
890,3,1.7194E+12,41,137.06,1,0.42,1.72234E+12
891,10,1.71476E+12,52,157.51,3,0.19,1.71804E+12
892,8,1.72081E+12,189,100.41,8,0.93,1.72153E+12
893,6,1.71818E+12,79,43.22,3,0.2,1.72216E+12
894,1,1.71751E+12,78,183.91,3,0.58,1.71934E+12
895,9,1.7223E+12,160,66.49,3,0.87,1.72155E+12
896,10,1.71473E+12,79,129.36,4,0.05,1.71927E+12
897,1,1.7217E+12,250,59.57,4,0.06,1.72072E+12
898,7,1.72001E+12,185,233.03,3,0.04,1.72233E+12
899,9,1.71717E+12,247,13.98,8,0.68,1.72204E+12
900,7,1.71771E+12,286,124.1,4,0.5,1.71908E+12
901,4,1.71952E+12,244,202.76,3,0.84,1.72234E+12
902,1,1.71611E+12,87,295.86,8,0.76,1.71876E+12
903,9,1.72135E+12,73,232.38,7,0.93,1.71893E+12
904,8,1.72197E+12,233,118.95,4,0.09,1.72235E+12
905,6,1.72053E+12,19,82.86,6,0.01,1.72005E+12
906,5,1.71837E+12,234,81.03,9,1,1.71991E+12
907,1,1.71888E+12,125,222.62,8,0.77,1.7203E+12
908,6,1.7214E+12,85,35.25,7,0.05,1.71744E+12
909,6,1.71997E+12,279,116.5,2,0.69,1.7223E+12
910,1,1.72078E+12,210,291.59,5,0.02,1.71773E+12
911,4,1.7216E+12,64,168,2,0.49,1.72201E+12
912,3,1.71784E+12,30,78.35,6,0.58,1.72077E+12
913,5,1.72168E+12,257,9.41,9,0.93,1.7183E+12
914,3,1.7218E+12,96,143.59,7,0.54,1.71959E+12
915,3,1.71996E+12,45,31.2,2,0.4,1.71859E+12
916,1,1.71479E+12,177,167.04,6,0,1.72145E+12
917,5,1.722E+12,188,57.86,4,0.67,1.71889E+12
918,1,1.71808E+12,160,140.29,5,0.73,1.72199E+12
919,6,1.72119E+12,234,94,4,0.09,1.71827E+12
920,5,1.72089E+12,37,118.53,6,0.61,1.72035E+12
921,8,1.71761E+12,122,116.44,7,0.26,1.71977E+12
922,4,1.71838E+12,240,155.28,8,0.13,1.72185E+12
923,4,1.71499E+12,200,249.17,4,0.14,1.71896E+12
924,9,1.71893E+12,161,292.46,8,0.06,1.71829E+12
925,6,1.72095E+12,211,221.45,4,0.15,1.72176E+12
926,5,1.71873E+12,240,221.74,8,0.73,1.72098E+12
927,3,1.72187E+12,16,250.21,7,0.65,1.72205E+12
928,8,1.71544E+12,31,96.65,8,0.81,1.72216E+12
929,10,1.7217E+12,215,237.71,10,0.28,1.71912E+12
930,10,1.71511E+12,292,43.71,4,0.88,1.71792E+12
931,1,1.72225E+12,262,85.25,5,0.22,1.72122E+12
932,8,1.72052E+12,211,147.84,10,0.3,1.71874E+12
933,6,1.71709E+12,214,176.36,4,0.39,1.71806E+12
934,10,1.71573E+12,74,94.17,7,0.68,1.72174E+12
935,3,1.72108E+12,231,34.18,3,0,1.71908E+12
936,5,1.71924E+12,6,196.72,3,0.13,1.7212E+12
937,2,1.7158E+12,111,253.12,4,0.55,1.71958E+12
938,3,1.71624E+12,213,276.61,3,0.58,1.72227E+12
939,6,1.71616E+12,83,240.11,7,0.83,1.71863E+12
940,1,1.71528E+12,9,90.45,6,0.29,1.72218E+12
941,2,1.71492E+12,273,108.76,7,0.48,1.71942E+12
942,4,1.72159E+12,50,161.22,9,0.55,1.71734E+12
943,4,1.71823E+12,193,176.74,10,0.87,1.71762E+12
944,4,1.71803E+12,121,224.5,3,0.27,1.72041E+12
945,1,1.72202E+12,72,28.78,10,0.64,1.722E+12
946,5,1.72233E+12,248,280.8,1,0.83,1.71865E+12
947,7,1.71501E+12,250,52.16,5,0.63,1.72091E+12
948,4,1.71944E+12,85,257.24,8,0.27,1.71961E+12
949,4,1.71598E+12,269,195.45,9,0.76,1.72062E+12
950,5,1.71953E+12,199,261.2,9,0.18,1.71759E+12
951,5,1.71633E+12,65,242.71,7,0.82,1.7183E+12
952,1,1.72139E+12,85,168.02,4,0.65,1.71722E+12
953,6,1.71728E+12,31,108.66,8,0.4,1.71967E+12
954,5,1.71563E+12,209,96.37,10,0.29,1.71795E+12
955,1,1.71862E+12,144,67.96,3,0.81,1.71893E+12
956,8,1.71574E+12,23,112.56,4,0.23,1.71825E+12
957,10,1.71648E+12,150,183.41,6,0.08,1.72203E+12
958,8,1.722E+12,86,44.42,1,0.42,1.72072E+12
959,3,1.71479E+12,70,132.09,10,0.12,1.71872E+12
960,2,1.71722E+12,103,47.77,2,0.52,1.72183E+12
961,9,1.71681E+12,65,21.18,6,0.99,1.72011E+12
962,2,1.71488E+12,280,171.42,10,0.26,1.72081E+12
963,8,1.71492E+12,189,53.54,4,1,1.72052E+12
964,10,1.72166E+12,267,15.03,4,0.93,1.72115E+12
965,9,1.72183E+12,78,281.39,2,0.91,1.71748E+12
966,6,1.71653E+12,114,216.17,2,0.05,1.71769E+12
967,2,1.71976E+12,112,210.49,4,0.52,1.71949E+12
968,9,1.71893E+12,86,60.16,7,0.77,1.72132E+12
969,2,1.72101E+12,215,186.21,1,0.99,1.71826E+12
970,6,1.72114E+12,112,48.07,5,0.54,1.72133E+12
971,9,1.71909E+12,130,115.29,5,0.26,1.72162E+12
972,4,1.72183E+12,140,254.96,9,0.28,1.72105E+12
973,8,1.71713E+12,198,77.23,2,0.15,1.72141E+12
974,10,1.7158E+12,142,264.52,7,0.48,1.72115E+12
975,10,1.71646E+12,143,193.43,10,0.14,1.71824E+12
976,8,1.72229E+12,233,26.42,4,0.8,1.71869E+12
977,6,1.72205E+12,258,225.56,4,0.59,1.72082E+12
978,3,1.71797E+12,70,82.23,3,0.87,1.72234E+12
979,1,1.71462E+12,282,58.03,8,0.9,1.71912E+12
980,9,1.71512E+12,117,150.71,5,0.62,1.72123E+12
981,2,1.71879E+12,152,123.02,8,0.45,1.72201E+12
982,9,1.71735E+12,42,123.31,5,0.07,1.72031E+12
983,4,1.72218E+12,167,82.59,6,0.98,1.72198E+12
984,4,1.71773E+12,218,267.52,1,0.88,1.72207E+12
985,6,1.72031E+12,120,266.47,8,0.1,1.72049E+12
986,6,1.72227E+12,164,171.77,7,0.44,1.71754E+12
987,9,1.71592E+12,157,265.86,10,0.87,1.72095E+12
988,10,1.72156E+12,52,91.75,5,0.94,1.72227E+12
989,1,1.71719E+12,185,188.65,2,0.61,1.71988E+12
990,9,1.72213E+12,254,224.35,4,0.34,1.71851E+12
991,8,1.72153E+12,88,64.06,8,0.65,1.72048E+12
992,4,1.71481E+12,297,190.62,5,0.98,1.72201E+12
993,4,1.71954E+12,265,91.74,9,0.14,1.72109E+12
994,2,1.71612E+12,211,62.52,8,0.4,1.71798E+12
995,1,1.72118E+12,86,57.12,5,0.07,1.72026E+12
996,3,1.71769E+12,69,163.93,10,0.03,1.71837E+12
997,7,1.71694E+12,170,166.19,4,0.63,1.71978E+12
998,10,1.71604E+12,58,68.55,3,0.05,1.72182E+12
999,6,1.72156E+12,138,58.07,1,0.89,1.71909E+12
1000,5,1.71903E+12,250,180.24,9,0.11,1.72059E+12
998,1,1.72004E+12,249,113.34,9,0.96,1.71863E+12
999,2,1.71674E+12,206,231.04,3,0.16,1.72022E+12
1000,1,1.7164E+12,227,240.17,6,0.08,1.72129E+12
